onset	duration	trial_type	value	sample
20.346	0.0	-12.5	6	10173
20.346	0.0	-12.5	6	10173
22.476	0.0	+37.5	4	11238
22.476	0.0	+37.5	4	11238
24.616	0.0	-37.5	7	12308
24.616	0.0	-37.5	7	12308
26.752	0.0	+12.5	5	13376
26.752	0.0	+12.5	5	13376
28.886	0.0	-37.5	7	14443
28.886	0.0	-37.5	7	14443
31.024	0.0	-12.5	6	15512
31.024	0.0	-12.5	6	15512
33.156	0.0	+37.5	4	16578
33.156	0.0	+37.5	4	16578
35.298	0.0	+12.5	5	17649
35.298	0.0	+12.5	5	17649
37.426	0.0	-37.5	7	18713
37.426	0.0	-37.5	7	18713
39.552	0.0	+12.5	5	19776
39.552	0.0	+12.5	5	19776
41.68	0.0	+37.5	4	20840
41.68	0.0	+37.5	4	20840
43.828	0.0	-12.5	6	21914
43.828	0.0	-12.5	6	21914
45.956	0.0	+37.5	4	22978
45.956	0.0	+37.5	4	22978
48.092	0.0	+12.5	5	24046
48.092	0.0	+12.5	5	24046
50.226	0.0	-37.5	7	25113
50.226	0.0	-37.5	7	25113
52.366	0.0	-12.5	6	26183
52.366	0.0	-12.5	6	26183
54.518	0.0	+12.5	5	27259
54.518	0.0	+12.5	5	27259
56.646	0.0	-12.5	6	28323
56.646	0.0	-12.5	6	28323
58.762	0.0	-37.5	7	29381
58.762	0.0	-37.5	7	29381
60.908	0.0	+37.5	4	30454
60.908	0.0	+37.5	4	30454
63.052	0.0	+12.5	5	31526
63.052	0.0	+12.5	5	31526
65.192	0.0	-37.5	7	32596
65.192	0.0	-37.5	7	32596
67.33	0.0	+37.5	4	33665
67.33	0.0	+37.5	4	33665
69.466	0.0	-12.5	6	34733
69.466	0.0	-12.5	6	34733
71.606	0.0	+37.5	4	35803
71.606	0.0	+37.5	4	35803
73.73	0.0	-37.5	7	36865
73.73	0.0	-37.5	7	36865
83.834	0.0	-12.5	6	41917
83.834	0.0	-12.5	6	41917
85.958	0.0	+12.5	5	42979
85.958	0.0	+12.5	5	42979
88.078	0.0	-12.5	6	44039
88.078	0.0	-12.5	6	44039
90.202	0.0	+12.5	5	45101
90.202	0.0	+12.5	5	45101
92.332	0.0	-37.5	7	46166
92.332	0.0	-37.5	7	46166
94.464	0.0	+37.5	4	47232
94.464	0.0	+37.5	4	47232
96.596	0.0	-12.5	6	48298
96.596	0.0	-12.5	6	48298
98.724	0.0	+12.5	5	49362
98.724	0.0	+12.5	5	49362
100.846	0.0	-37.5	7	50423
100.846	0.0	-37.5	7	50423
102.964	0.0	+37.5	4	51482
102.964	0.0	+37.5	4	51482
105.102	0.0	-12.5	6	52551
105.102	0.0	-12.5	6	52551
107.246	0.0	+37.5	4	53623
107.246	0.0	+37.5	4	53623
109.342	0.0	+12.5	5	54671
109.342	0.0	+12.5	5	54671
111.47	0.0	-37.5	7	55735
111.47	0.0	-37.5	7	55735
113.608	0.0	+12.5	5	56804
113.608	0.0	+12.5	5	56804
115.734	0.0	+37.5	4	57867
115.734	0.0	+37.5	4	57867
117.864	0.0	-37.5	7	58932
117.864	0.0	-37.5	7	58932
119.992	0.0	-12.5	6	59996
119.992	0.0	-12.5	6	59996
122.12	0.0	+37.5	4	61060
122.12	0.0	+37.5	4	61060
124.266	0.0	-12.5	6	62133
124.266	0.0	-12.5	6	62133
126.382	0.0	-37.5	7	63191
126.382	0.0	-37.5	7	63191
128.518	0.0	+12.5	5	64259
128.518	0.0	+12.5	5	64259
130.652	0.0	+37.5	4	65326
130.652	0.0	+37.5	4	65326
132.792	0.0	-37.5	7	66396
132.792	0.0	-37.5	7	66396
134.922	0.0	-12.5	6	67461
134.922	0.0	-12.5	6	67461
137.036	0.0	+12.5	5	68518
137.036	0.0	+12.5	5	68518
139.172	0.0	+37.5	4	69586
139.172	0.0	+37.5	4	69586
141.306	0.0	-37.5	7	70653
141.306	0.0	-37.5	7	70653
143.44	0.0	-12.5	6	71720
143.44	0.0	-12.5	6	71720
145.558	0.0	+12.5	5	72779
145.558	0.0	+12.5	5	72779
155.028	0.0	-12.5	6	77514
155.028	0.0	-12.5	6	77514
157.142	0.0	+37.5	4	78571
157.142	0.0	+37.5	4	78571
159.282	0.0	+12.5	5	79641
159.282	0.0	+12.5	5	79641
161.416	0.0	-37.5	7	80708
161.416	0.0	-37.5	7	80708
163.552	0.0	+12.5	5	81776
163.552	0.0	+12.5	5	81776
165.692	0.0	-12.5	6	82846
165.692	0.0	-12.5	6	82846
167.828	0.0	-37.5	7	83914
167.828	0.0	-37.5	7	83914
169.95	0.0	+37.5	4	84975
169.95	0.0	+37.5	4	84975
172.088	0.0	+12.5	5	86044
172.088	0.0	+12.5	5	86044
174.222	0.0	-12.5	6	87111
174.222	0.0	-12.5	6	87111
176.35	0.0	+37.5	4	88175
176.35	0.0	+37.5	4	88175
178.472	0.0	-37.5	7	89236
178.472	0.0	-37.5	7	89236
180.592	0.0	+37.5	4	90296
180.592	0.0	+37.5	4	90296
182.71	0.0	-12.5	6	91355
182.71	0.0	-12.5	6	91355
184.84	0.0	+12.5	5	92420
184.84	0.0	+12.5	5	92420
186.968	0.0	-37.5	7	93484
186.968	0.0	-37.5	7	93484
196.256	0.0	+37.5	4	98128
196.256	0.0	+37.5	4	98128
198.39	0.0	-12.5	6	99195
198.39	0.0	-12.5	6	99195
200.514	0.0	+12.5	5	100257
200.514	0.0	+12.5	5	100257
202.64	0.0	-37.5	7	101320
202.64	0.0	-37.5	7	101320
204.764	0.0	+12.5	5	102382
204.764	0.0	+12.5	5	102382
206.898	0.0	+37.5	4	103449
206.898	0.0	+37.5	4	103449
209.022	0.0	-37.5	7	104511
209.022	0.0	-37.5	7	104511
211.152	0.0	-12.5	6	105576
211.152	0.0	-12.5	6	105576
213.28	0.0	-37.5	7	106640
213.28	0.0	-37.5	7	106640
215.42	0.0	+12.5	5	107710
215.42	0.0	+12.5	5	107710
217.542	0.0	-12.5	6	108771
217.542	0.0	-12.5	6	108771
219.666	0.0	+37.5	4	109833
219.666	0.0	+37.5	4	109833
221.798	0.0	-37.5	7	110899
221.798	0.0	-37.5	7	110899
223.94	0.0	-12.5	6	111970
223.94	0.0	-12.5	6	111970
226.044	0.0	+37.5	4	113022
226.044	0.0	+37.5	4	113022
228.174	0.0	+12.5	5	114087
228.174	0.0	+12.5	5	114087
230.314	0.0	-37.5	7	115157
230.314	0.0	-37.5	7	115157
232.45	0.0	+37.5	4	116225
232.45	0.0	+37.5	4	116225
234.57	0.0	-12.5	6	117285
234.57	0.0	-12.5	6	117285
236.69	0.0	+12.5	5	118345
236.69	0.0	+12.5	5	118345
245.492	0.0	-37.5	7	122746
245.492	0.0	-37.5	7	122746
247.644	0.0	+12.5	5	123822
247.644	0.0	+12.5	5	123822
249.768	0.0	-12.5	6	124884
249.768	0.0	-12.5	6	124884
251.9	0.0	+37.5	4	125950
251.9	0.0	+37.5	4	125950
254.044	0.0	-37.5	7	127022
254.044	0.0	-37.5	7	127022
256.164	0.0	-12.5	6	128082
256.164	0.0	-12.5	6	128082
258.294	0.0	+12.5	5	129147
258.294	0.0	+12.5	5	129147
260.444	0.0	+37.5	4	130222
260.444	0.0	+37.5	4	130222
262.57	0.0	+12.5	5	131285
262.57	0.0	+12.5	5	131285
264.69	0.0	-12.5	6	132345
264.69	0.0	-12.5	6	132345
266.838	0.0	-37.5	7	133419
266.838	0.0	-37.5	7	133419
268.964	0.0	+37.5	4	134482
268.964	0.0	+37.5	4	134482
271.094	0.0	-12.5	6	135547
271.094	0.0	-12.5	6	135547
279.488	0.0	+37.5	4	139744
279.488	0.0	+37.5	4	139744
281.602	0.0	-37.5	7	140801
281.602	0.0	-37.5	7	140801
283.742	0.0	+12.5	5	141871
283.742	0.0	+12.5	5	141871
285.882	0.0	+37.5	4	142941
285.882	0.0	+37.5	4	142941
288.002	0.0	-12.5	6	144001
288.002	0.0	-12.5	6	144001
290.14	0.0	-37.5	7	145070
290.14	0.0	-37.5	7	145070
292.266	0.0	+12.5	5	146133
292.266	0.0	+12.5	5	146133
294.39	0.0	-37.5	7	147195
294.39	0.0	-37.5	7	147195
296.528	0.0	+37.5	4	148264
296.528	0.0	+37.5	4	148264
307.56	0.0	+12.5	5	153780
307.56	0.0	+12.5	5	153780
309.7	0.0	-12.5	6	154850
309.7	0.0	-12.5	6	154850
311.816	0.0	-37.5	7	155908
311.816	0.0	-37.5	7	155908
313.952	0.0	+12.5	5	156976
313.952	0.0	+12.5	5	156976
316.074	0.0	+37.5	4	158037
316.074	0.0	+37.5	4	158037
318.184	0.0	-12.5	6	159092
318.184	0.0	-12.5	6	159092
320.322	0.0	-37.5	7	160161
320.322	0.0	-37.5	7	160161
322.46	0.0	+12.5	5	161230
322.46	0.0	+12.5	5	161230
324.596	0.0	+37.5	4	162298
324.596	0.0	+37.5	4	162298
326.726	0.0	-12.5	6	163363
326.726	0.0	-12.5	6	163363
328.856	0.0	+37.5	4	164428
328.856	0.0	+37.5	4	164428
330.972	0.0	-12.5	6	165486
330.972	0.0	-12.5	6	165486
333.094	0.0	+12.5	5	166547
333.094	0.0	+12.5	5	166547
335.23	0.0	-37.5	7	167615
335.23	0.0	-37.5	7	167615
337.37	0.0	+37.5	4	168685
337.37	0.0	+37.5	4	168685
339.492	0.0	+12.5	5	169746
339.492	0.0	+12.5	5	169746
349.014	0.0	-37.5	7	174507
349.014	0.0	-37.5	7	174507
351.148	0.0	-12.5	6	175574
351.148	0.0	-12.5	6	175574
353.296	0.0	+37.5	4	176648
353.296	0.0	+37.5	4	176648
355.414	0.0	-12.5	6	177707
355.414	0.0	-12.5	6	177707
357.536	0.0	-37.5	7	178768
357.536	0.0	-37.5	7	178768
359.662	0.0	+12.5	5	179831
359.662	0.0	+12.5	5	179831
361.788	0.0	-12.5	6	180894
361.788	0.0	-12.5	6	180894
363.928	0.0	-37.5	7	181964
363.928	0.0	-37.5	7	181964
366.062	0.0	+12.5	5	183031
366.062	0.0	+12.5	5	183031
368.186	0.0	+37.5	4	184093
368.186	0.0	+37.5	4	184093
370.324	0.0	+12.5	5	185162
370.324	0.0	+12.5	5	185162
372.464	0.0	+37.5	4	186232
372.464	0.0	+37.5	4	186232
374.586	0.0	-12.5	6	187293
374.586	0.0	-12.5	6	187293
376.712	0.0	-37.5	7	188356
376.712	0.0	-37.5	7	188356
378.846	0.0	-12.5	6	189423
378.846	0.0	-12.5	6	189423
380.968	0.0	-37.5	7	190484
380.968	0.0	-37.5	7	190484
383.074	0.0	+12.5	5	191537
383.074	0.0	+12.5	5	191537
385.21	0.0	+37.5	4	192605
385.21	0.0	+37.5	4	192605
387.344	0.0	+12.5	5	193672
387.344	0.0	+12.5	5	193672
389.488	0.0	+37.5	4	194744
389.488	0.0	+37.5	4	194744
399.38	0.0	-37.5	7	199690
399.38	0.0	-37.5	7	199690
401.504	0.0	-12.5	6	200752
401.504	0.0	-12.5	6	200752
403.656	0.0	-37.5	7	201828
403.656	0.0	-37.5	7	201828
405.786	0.0	-12.5	6	202893
405.786	0.0	-12.5	6	202893
407.912	0.0	+12.5	5	203956
407.912	0.0	+12.5	5	203956
410.03	0.0	+37.5	4	205015
410.03	0.0	+37.5	4	205015
412.16	0.0	-12.5	6	206080
412.16	0.0	-12.5	6	206080
414.292	0.0	+12.5	5	207146
414.292	0.0	+12.5	5	207146
416.388	0.0	-37.5	7	208194
416.388	0.0	-37.5	7	208194
418.464	0.0	+37.5	4	209232
418.464	0.0	+37.5	4	209232
420.54	0.0	-37.5	7	210270
420.54	0.0	-37.5	7	210270
422.628	0.0	-12.5	6	211314
422.628	0.0	-12.5	6	211314
424.734	0.0	+12.5	5	212367
424.734	0.0	+12.5	5	212367
426.864	0.0	+37.5	4	213432
426.864	0.0	+37.5	4	213432
429.006	0.0	+12.5	5	214503
429.006	0.0	+12.5	5	214503
431.126	0.0	-37.5	7	215563
431.126	0.0	-37.5	7	215563
433.268	0.0	+37.5	4	216634
433.268	0.0	+37.5	4	216634
435.412	0.0	-12.5	6	217706
435.412	0.0	-12.5	6	217706
437.542	0.0	-37.5	7	218771
437.542	0.0	-37.5	7	218771
439.67	0.0	+12.5	5	219835
439.67	0.0	+12.5	5	219835
441.812	0.0	+37.5	4	220906
441.812	0.0	+37.5	4	220906
443.93	0.0	-12.5	6	221965
443.93	0.0	-12.5	6	221965
446.06	0.0	+12.5	5	223030
446.06	0.0	+12.5	5	223030
448.182	0.0	-37.5	7	224091
448.182	0.0	-37.5	7	224091
450.304	0.0	+37.5	4	225152
450.304	0.0	+37.5	4	225152
452.434	0.0	-12.5	6	226217
452.434	0.0	-12.5	6	226217
454.56	0.0	+12.5	5	227280
454.56	0.0	+12.5	5	227280
456.688	0.0	+37.5	4	228344
456.688	0.0	+37.5	4	228344
466.996	0.0	-37.5	7	233498
466.996	0.0	-37.5	7	233498
469.106	0.0	-12.5	6	234553
469.106	0.0	-12.5	6	234553
471.238	0.0	+12.5	5	235619
471.238	0.0	+12.5	5	235619
473.356	0.0	-37.5	7	236678
473.356	0.0	-37.5	7	236678
475.5	0.0	-12.5	6	237750
475.5	0.0	-12.5	6	237750
477.61	0.0	+37.5	4	238805
477.61	0.0	+37.5	4	238805
486.41	0.0	-12.5	6	243205
486.41	0.0	-12.5	6	243205
488.528	0.0	+37.5	4	244264
488.528	0.0	+37.5	4	244264
490.606	0.0	+12.5	5	245303
490.606	0.0	+12.5	5	245303
492.72	0.0	-37.5	7	246360
492.72	0.0	-37.5	7	246360
494.836	0.0	+37.5	4	247418
494.836	0.0	+37.5	4	247418
496.962	0.0	-12.5	6	248481
496.962	0.0	-12.5	6	248481
499.092	0.0	-37.5	7	249546
499.092	0.0	-37.5	7	249546
501.234	0.0	+12.5	5	250617
501.234	0.0	+12.5	5	250617
503.35	0.0	-37.5	7	251675
503.35	0.0	-37.5	7	251675
505.482	0.0	+12.5	5	252741
505.482	0.0	+12.5	5	252741
507.616	0.0	+37.5	4	253808
507.616	0.0	+37.5	4	253808
509.764	0.0	-12.5	6	254882
509.764	0.0	-12.5	6	254882
511.888	0.0	+37.5	4	255944
511.888	0.0	+37.5	4	255944
522.418	0.0	-37.5	7	261209
522.418	0.0	-37.5	7	261209
524.538	0.0	+12.5	5	262269
524.538	0.0	+12.5	5	262269
526.668	0.0	-12.5	6	263334
526.668	0.0	-12.5	6	263334
528.822	0.0	+37.5	4	264411
528.822	0.0	+37.5	4	264411
530.95	0.0	-12.5	6	265475
530.95	0.0	-12.5	6	265475
533.07	0.0	-37.5	7	266535
533.07	0.0	-37.5	7	266535
535.2	0.0	+12.5	5	267600
535.2	0.0	+12.5	5	267600
537.32	0.0	-12.5	6	268660
537.32	0.0	-12.5	6	268660
539.444	0.0	-37.5	7	269722
539.444	0.0	-37.5	7	269722
541.568	0.0	+12.5	5	270784
541.568	0.0	+12.5	5	270784
543.704	0.0	+37.5	4	271852
543.704	0.0	+37.5	4	271852
545.848	0.0	-37.5	7	272924
545.848	0.0	-37.5	7	272924
547.966	0.0	+37.5	4	273983
547.966	0.0	+37.5	4	273983
550.082	0.0	+12.5	5	275041
550.082	0.0	+12.5	5	275041
552.186	0.0	-12.5	6	276093
552.186	0.0	-12.5	6	276093
554.322	0.0	+37.5	4	277161
554.322	0.0	+37.5	4	277161
556.46	0.0	+12.5	5	278230
556.46	0.0	+12.5	5	278230
558.59	0.0	-37.5	7	279295
558.59	0.0	-37.5	7	279295
560.742	0.0	-12.5	6	280371
560.742	0.0	-12.5	6	280371
562.87	0.0	-37.5	7	281435
562.87	0.0	-37.5	7	281435
565.002	0.0	+12.5	5	282501
565.002	0.0	+12.5	5	282501
567.122	0.0	+37.5	4	283561
567.122	0.0	+37.5	4	283561
575.204	0.0	-12.5	6	287602
575.204	0.0	-12.5	6	287602
577.34	0.0	+37.5	4	288670
577.34	0.0	+37.5	4	288670
579.48	0.0	-37.5	7	289740
579.48	0.0	-37.5	7	289740
581.62	0.0	+12.5	5	290810
581.62	0.0	+12.5	5	290810
583.746	0.0	-12.5	6	291873
583.746	0.0	-12.5	6	291873
585.886	0.0	-37.5	7	292943
585.886	0.0	-37.5	7	292943
588.024	0.0	+37.5	4	294012
588.024	0.0	+37.5	4	294012
590.15	0.0	+12.5	5	295075
590.15	0.0	+12.5	5	295075
592.282	0.0	-12.5	6	296141
592.282	0.0	-12.5	6	296141
600.266	0.0	+37.5	4	300133
600.266	0.0	+37.5	4	300133
602.406	0.0	-12.5	6	301203
602.406	0.0	-12.5	6	301203
604.54	0.0	-37.5	7	302270
604.54	0.0	-37.5	7	302270
606.668	0.0	+12.5	5	303334
606.668	0.0	+12.5	5	303334
608.8	0.0	-12.5	6	304400
608.8	0.0	-12.5	6	304400
610.928	0.0	+37.5	4	305464
610.928	0.0	+37.5	4	305464
613.074	0.0	+12.5	5	306537
613.074	0.0	+12.5	5	306537
615.206	0.0	-37.5	7	307603
615.206	0.0	-37.5	7	307603
617.328	0.0	+37.5	4	308664
617.328	0.0	+37.5	4	308664
619.484	0.0	-12.5	6	309742
619.484	0.0	-12.5	6	309742
621.606	0.0	-37.5	7	310803
621.606	0.0	-37.5	7	310803
623.736	0.0	+12.5	5	311868
623.736	0.0	+12.5	5	311868
625.886	0.0	-37.5	7	312943
625.886	0.0	-37.5	7	312943
628.008	0.0	+37.5	4	314004
628.008	0.0	+37.5	4	314004
630.14	0.0	-12.5	6	315070
630.14	0.0	-12.5	6	315070
632.28	0.0	+12.5	5	316140
632.28	0.0	+12.5	5	316140
634.402	0.0	+37.5	4	317201
634.402	0.0	+37.5	4	317201
636.54	0.0	-37.5	7	318270
636.54	0.0	-37.5	7	318270
638.678	0.0	-12.5	6	319339
638.678	0.0	-12.5	6	319339
646.504	0.0	+12.5	5	323252
646.504	0.0	+12.5	5	323252
648.632	0.0	-12.5	6	324316
648.632	0.0	-12.5	6	324316
650.768	0.0	+12.5	5	325384
650.768	0.0	+12.5	5	325384
652.888	0.0	-37.5	7	326444
652.888	0.0	-37.5	7	326444
655.026	0.0	+37.5	4	327513
655.026	0.0	+37.5	4	327513
657.158	0.0	-37.5	7	328579
657.158	0.0	-37.5	7	328579
659.292	0.0	+12.5	5	329646
659.292	0.0	+12.5	5	329646
661.428	0.0	-12.5	6	330714
661.428	0.0	-12.5	6	330714
672.778	0.0	+37.5	4	336389
672.778	0.0	+37.5	4	336389
674.906	0.0	+12.5	5	337453
674.906	0.0	+12.5	5	337453
677.034	0.0	-12.5	6	338517
677.034	0.0	-12.5	6	338517
679.166	0.0	+37.5	4	339583
679.166	0.0	+37.5	4	339583
681.304	0.0	-37.5	7	340652
681.304	0.0	-37.5	7	340652
683.44	0.0	-12.5	6	341720
683.44	0.0	-12.5	6	341720
685.574	0.0	+12.5	5	342787
685.574	0.0	+12.5	5	342787
687.716	0.0	-37.5	7	343858
687.716	0.0	-37.5	7	343858
689.84	0.0	+37.5	4	344920
689.84	0.0	+37.5	4	344920
691.96	0.0	-37.5	7	345980
691.96	0.0	-37.5	7	345980
694.092	0.0	+12.5	5	347046
694.092	0.0	+12.5	5	347046
696.226	0.0	-12.5	6	348113
696.226	0.0	-12.5	6	348113
698.362	0.0	+37.5	4	349181
698.362	0.0	+37.5	4	349181
700.49	0.0	-12.5	6	350245
700.49	0.0	-12.5	6	350245
702.628	0.0	+12.5	5	351314
702.628	0.0	+12.5	5	351314
704.76	0.0	+37.5	4	352380
704.76	0.0	+37.5	4	352380
706.896	0.0	-37.5	7	353448
706.896	0.0	-37.5	7	353448
709.036	0.0	-12.5	6	354518
709.036	0.0	-12.5	6	354518
711.16	0.0	-37.5	7	355580
711.16	0.0	-37.5	7	355580
713.294	0.0	+37.5	4	356647
713.294	0.0	+37.5	4	356647
721.194	0.0	+12.5	5	360597
721.194	0.0	+12.5	5	360597
723.34	0.0	-12.5	6	361670
723.34	0.0	-12.5	6	361670
725.476	0.0	+37.5	4	362738
725.476	0.0	+37.5	4	362738
727.6	0.0	-37.5	7	363800
727.6	0.0	-37.5	7	363800
729.732	0.0	+12.5	5	364866
729.732	0.0	+12.5	5	364866
731.862	0.0	-37.5	7	365931
731.862	0.0	-37.5	7	365931
733.974	0.0	+12.5	5	366987
733.974	0.0	+12.5	5	366987
736.11	0.0	+37.5	4	368055
736.11	0.0	+37.5	4	368055
738.234	0.0	-12.5	6	369117
738.234	0.0	-12.5	6	369117
740.37	0.0	+37.5	4	370185
740.37	0.0	+37.5	4	370185
742.502	0.0	-12.5	6	371251
742.502	0.0	-12.5	6	371251
744.634	0.0	-37.5	7	372317
744.634	0.0	-37.5	7	372317
746.774	0.0	+12.5	5	373387
746.774	0.0	+12.5	5	373387
748.91	0.0	+37.5	4	374455
748.91	0.0	+37.5	4	374455
751.034	0.0	-37.5	7	375517
751.034	0.0	-37.5	7	375517
753.14	0.0	-12.5	6	376570
753.14	0.0	-12.5	6	376570
755.272	0.0	+12.5	5	377636
755.272	0.0	+12.5	5	377636
757.39	0.0	-37.5	7	378695
757.39	0.0	-37.5	7	378695
759.524	0.0	-12.5	6	379762
759.524	0.0	-12.5	6	379762
761.664	0.0	+12.5	5	380832
761.664	0.0	+12.5	5	380832
763.814	0.0	+37.5	4	381907
763.814	0.0	+37.5	4	381907
765.954	0.0	-37.5	7	382977
765.954	0.0	-37.5	7	382977
768.094	0.0	+37.5	4	384047
768.094	0.0	+37.5	4	384047
770.238	0.0	-12.5	6	385119
770.238	0.0	-12.5	6	385119
772.366	0.0	+12.5	5	386183
772.366	0.0	+12.5	5	386183
774.51	0.0	-37.5	7	387255
774.51	0.0	-37.5	7	387255
776.59	0.0	-12.5	6	388295
776.59	0.0	-12.5	6	388295
778.686	0.0	+37.5	4	389343
778.686	0.0	+37.5	4	389343
780.774	0.0	+12.5	5	390387
780.774	0.0	+12.5	5	390387
782.87	0.0	-12.5	6	391435
782.87	0.0	-12.5	6	391435
784.986	0.0	+12.5	5	392493
784.986	0.0	+12.5	5	392493
787.114	0.0	+37.5	4	393557
787.114	0.0	+37.5	4	393557
789.22	0.0	-37.5	7	394610
789.22	0.0	-37.5	7	394610
791.354	0.0	+37.5	4	395677
791.354	0.0	+37.5	4	395677
793.484	0.0	-37.5	7	396742
793.484	0.0	-37.5	7	396742
795.612	0.0	+12.5	5	397806
795.612	0.0	+12.5	5	397806
797.746	0.0	-12.5	6	398873
797.746	0.0	-12.5	6	398873
799.868	0.0	+12.5	5	399934
799.868	0.0	+12.5	5	399934
801.99	0.0	+37.5	4	400995
801.99	0.0	+37.5	4	400995
804.12	0.0	-12.5	6	402060
804.12	0.0	-12.5	6	402060
806.248	0.0	-37.5	7	403124
806.248	0.0	-37.5	7	403124
808.384	0.0	+12.5	5	404192
808.384	0.0	+12.5	5	404192
810.516	0.0	-12.5	6	405258
810.516	0.0	-12.5	6	405258
812.656	0.0	-37.5	7	406328
812.656	0.0	-37.5	7	406328
814.778	0.0	+37.5	4	407389
814.778	0.0	+37.5	4	407389
816.906	0.0	+12.5	5	408453
816.906	0.0	+12.5	5	408453
819.026	0.0	-12.5	6	409513
819.026	0.0	-12.5	6	409513
821.166	0.0	+37.5	4	410583
821.166	0.0	+37.5	4	410583
823.296	0.0	-37.5	7	411648
823.296	0.0	-37.5	7	411648
831.376	0.0	-12.5	6	415688
831.376	0.0	-12.5	6	415688
833.49	0.0	+37.5	4	416745
833.49	0.0	+37.5	4	416745
835.616	0.0	+12.5	5	417808
835.616	0.0	+12.5	5	417808
837.754	0.0	-37.5	7	418877
837.754	0.0	-37.5	7	418877
839.854	0.0	+37.5	4	419927
839.854	0.0	+37.5	4	419927
841.976	0.0	-37.5	7	420988
841.976	0.0	-37.5	7	420988
844.094	0.0	+12.5	5	422047
844.094	0.0	+12.5	5	422047
846.228	0.0	-12.5	6	423114
846.228	0.0	-12.5	6	423114
848.358	0.0	+37.5	4	424179
848.358	0.0	+37.5	4	424179
850.488	0.0	-12.5	6	425244
850.488	0.0	-12.5	6	425244
852.63	0.0	-37.5	7	426315
852.63	0.0	-37.5	7	426315
854.756	0.0	+12.5	5	427378
854.756	0.0	+12.5	5	427378
856.894	0.0	-37.5	7	428447
856.894	0.0	-37.5	7	428447
859.018	0.0	+37.5	4	429509
859.018	0.0	+37.5	4	429509
861.15	0.0	+12.5	5	430575
861.15	0.0	+12.5	5	430575
863.276	0.0	-12.5	6	431638
863.276	0.0	-12.5	6	431638
865.408	0.0	+37.5	4	432704
865.408	0.0	+37.5	4	432704
867.548	0.0	+12.5	5	433774
867.548	0.0	+12.5	5	433774
869.66	0.0	-37.5	7	434830
869.66	0.0	-37.5	7	434830
871.806	0.0	-12.5	6	435903
871.806	0.0	-12.5	6	435903
873.946	0.0	+12.5	5	436973
873.946	0.0	+12.5	5	436973
876.066	0.0	-37.5	7	438033
876.066	0.0	-37.5	7	438033
878.196	0.0	-12.5	6	439098
878.196	0.0	-12.5	6	439098
880.322	0.0	+37.5	4	440161
880.322	0.0	+37.5	4	440161
882.45	0.0	-37.5	7	441225
882.45	0.0	-37.5	7	441225
891.642	0.0	+12.5	5	445821
891.642	0.0	+12.5	5	445821
893.776	0.0	+37.5	4	446888
893.776	0.0	+37.5	4	446888
895.902	0.0	-12.5	6	447951
895.902	0.0	-12.5	6	447951
898.042	0.0	-37.5	7	449021
898.042	0.0	-37.5	7	449021
900.174	0.0	+37.5	4	450087
900.174	0.0	+37.5	4	450087
902.3	0.0	+12.5	5	451150
902.3	0.0	+12.5	5	451150
904.426	0.0	-12.5	6	452213
904.426	0.0	-12.5	6	452213
906.546	0.0	+12.5	5	453273
906.546	0.0	+12.5	5	453273
916.748	0.0	+37.5	4	458374
916.748	0.0	+37.5	4	458374
918.866	0.0	-12.5	6	459433
918.866	0.0	-12.5	6	459433
921.0	0.0	-37.5	7	460500
921.0	0.0	-37.5	7	460500
923.136	0.0	+37.5	4	461568
923.136	0.0	+37.5	4	461568
925.274	0.0	+12.5	5	462637
925.274	0.0	+12.5	5	462637
927.426	0.0	-37.5	7	463713
927.426	0.0	-37.5	7	463713
929.574	0.0	-12.5	6	464787
929.574	0.0	-12.5	6	464787
931.706	0.0	+12.5	5	465853
931.706	0.0	+12.5	5	465853
933.842	0.0	-37.5	7	466921
933.842	0.0	-37.5	7	466921
935.984	0.0	-12.5	6	467992
935.984	0.0	-12.5	6	467992
946.172	0.0	+37.5	4	473086
946.172	0.0	+37.5	4	473086
948.318	0.0	-12.5	6	474159
948.318	0.0	-12.5	6	474159
950.45	0.0	+12.5	5	475225
950.45	0.0	+12.5	5	475225
952.58	0.0	-37.5	7	476290
952.58	0.0	-37.5	7	476290
954.712	0.0	+37.5	4	477356
954.712	0.0	+37.5	4	477356
956.844	0.0	-12.5	6	478422
956.844	0.0	-12.5	6	478422
958.964	0.0	+12.5	5	479482
958.964	0.0	+12.5	5	479482
961.106	0.0	-37.5	7	480553
961.106	0.0	-37.5	7	480553
963.234	0.0	+37.5	4	481617
963.234	0.0	+37.5	4	481617
965.35	0.0	-37.5	7	482675
965.35	0.0	-37.5	7	482675
967.478	0.0	+12.5	5	483739
967.478	0.0	+12.5	5	483739
969.6	0.0	-12.5	6	484800
969.6	0.0	-12.5	6	484800
971.732	0.0	+37.5	4	485866
971.732	0.0	+37.5	4	485866
973.862	0.0	-12.5	6	486931
973.862	0.0	-12.5	6	486931
975.998	0.0	-37.5	7	487999
975.998	0.0	-37.5	7	487999
978.12	0.0	+37.5	4	489060
978.12	0.0	+37.5	4	489060
980.26	0.0	+12.5	5	490130
980.26	0.0	+12.5	5	490130
982.398	0.0	+37.5	4	491199
982.398	0.0	+37.5	4	491199
984.514	0.0	-37.5	7	492257
984.514	0.0	-37.5	7	492257
986.644	0.0	-12.5	6	493322
986.644	0.0	-12.5	6	493322
988.776	0.0	+12.5	5	494388
988.776	0.0	+12.5	5	494388
997.524	0.0	-12.5	6	498762
997.524	0.0	-12.5	6	498762
999.662	0.0	-37.5	7	499831
999.662	0.0	-37.5	7	499831
1001.792	0.0	+37.5	4	500896
1001.792	0.0	+37.5	4	500896
1003.928	0.0	+12.5	5	501964
1003.928	0.0	+12.5	5	501964
1006.072	0.0	+37.5	4	503036
1006.072	0.0	+37.5	4	503036
1008.208	0.0	-37.5	7	504104
1008.208	0.0	-37.5	7	504104
1010.328	0.0	+12.5	5	505164
1010.328	0.0	+12.5	5	505164
1012.464	0.0	-12.5	6	506232
1012.464	0.0	-12.5	6	506232
1014.594	0.0	+37.5	4	507297
1014.594	0.0	+37.5	4	507297
1016.73	0.0	+12.5	5	508365
1016.73	0.0	+12.5	5	508365
1018.864	0.0	-37.5	7	509432
1018.864	0.0	-37.5	7	509432
1021.008	0.0	-12.5	6	510504
1021.008	0.0	-12.5	6	510504
1023.13	0.0	+37.5	4	511565
1023.13	0.0	+37.5	4	511565
1025.258	0.0	-12.5	6	512629
1025.258	0.0	-12.5	6	512629
1027.382	0.0	+12.5	5	513691
1027.382	0.0	+12.5	5	513691
1029.524	0.0	-37.5	7	514762
1029.524	0.0	-37.5	7	514762
1040.558	0.0	+37.5	4	520279
1040.558	0.0	+37.5	4	520279
1042.704	0.0	-12.5	6	521352
1042.704	0.0	-12.5	6	521352
1044.824	0.0	-37.5	7	522412
1044.824	0.0	-37.5	7	522412
1046.96	0.0	+12.5	5	523480
1046.96	0.0	+12.5	5	523480
1049.094	0.0	-37.5	7	524547
1049.094	0.0	-37.5	7	524547
1051.234	0.0	+12.5	5	525617
1051.234	0.0	+12.5	5	525617
1053.364	0.0	-12.5	6	526682
1053.364	0.0	-12.5	6	526682
1055.5	0.0	+37.5	4	527750
1055.5	0.0	+37.5	4	527750
1057.628	0.0	-37.5	7	528814
1057.628	0.0	-37.5	7	528814
1059.752	0.0	+37.5	4	529876
1059.752	0.0	+37.5	4	529876
1061.88	0.0	-12.5	6	530940
1061.88	0.0	-12.5	6	530940
1064.024	0.0	+12.5	5	532012
1064.024	0.0	+12.5	5	532012
1066.158	0.0	-12.5	6	533079
1066.158	0.0	-12.5	6	533079
1068.274	0.0	-37.5	7	534137
1068.274	0.0	-37.5	7	534137
1070.418	0.0	+37.5	4	535209
1070.418	0.0	+37.5	4	535209
1072.552	0.0	+12.5	5	536276
1072.552	0.0	+12.5	5	536276
1074.688	0.0	+37.5	4	537344
1074.688	0.0	+37.5	4	537344
1076.828	0.0	-12.5	6	538414
1076.828	0.0	-12.5	6	538414
1078.966	0.0	+12.5	5	539483
1078.966	0.0	+12.5	5	539483
1081.096	0.0	-37.5	7	540548
1081.096	0.0	-37.5	7	540548
1083.228	0.0	+12.5	5	541614
1083.228	0.0	+12.5	5	541614
1085.358	0.0	+37.5	4	542679
1085.358	0.0	+37.5	4	542679
1087.472	0.0	-37.5	7	543736
1087.472	0.0	-37.5	7	543736
1089.606	0.0	-12.5	6	544803
1089.606	0.0	-12.5	6	544803
1091.732	0.0	-37.5	7	545866
1091.732	0.0	-37.5	7	545866
1093.864	0.0	+12.5	5	546932
1093.864	0.0	+12.5	5	546932
1096.014	0.0	-12.5	6	548007
1096.014	0.0	-12.5	6	548007
1098.148	0.0	+37.5	4	549074
1098.148	0.0	+37.5	4	549074
1100.276	0.0	-37.5	7	550138
1100.276	0.0	-37.5	7	550138
1108.944	0.0	+12.5	5	554472
1108.944	0.0	+12.5	5	554472
1111.082	0.0	-12.5	6	555541
1111.082	0.0	-12.5	6	555541
1113.218	0.0	+37.5	4	556609
1113.218	0.0	+37.5	4	556609
1115.348	0.0	+12.5	5	557674
1115.348	0.0	+12.5	5	557674
1117.472	0.0	-12.5	6	558736
1117.472	0.0	-12.5	6	558736
1119.604	0.0	-37.5	7	559802
1119.604	0.0	-37.5	7	559802
1128.72	0.0	+37.5	4	564360
1128.72	0.0	+37.5	4	564360
1130.852	0.0	-12.5	6	565426
1130.852	0.0	-12.5	6	565426
1132.946	0.0	+12.5	5	566473
1132.946	0.0	+12.5	5	566473
1135.074	0.0	+37.5	4	567537
1135.074	0.0	+37.5	4	567537
1137.194	0.0	-37.5	7	568597
1137.194	0.0	-37.5	7	568597
1139.334	0.0	+37.5	4	569667
1139.334	0.0	+37.5	4	569667
1141.462	0.0	-37.5	7	570731
1141.462	0.0	-37.5	7	570731
1143.584	0.0	+12.5	5	571792
1143.584	0.0	+12.5	5	571792
1145.7	0.0	-12.5	6	572850
1145.7	0.0	-12.5	6	572850
1147.844	0.0	+12.5	5	573922
1147.844	0.0	+12.5	5	573922
1149.986	0.0	-12.5	6	574993
1149.986	0.0	-12.5	6	574993
1152.11	0.0	+37.5	4	576055
1152.11	0.0	+37.5	4	576055
1154.234	0.0	-37.5	7	577117
1154.234	0.0	-37.5	7	577117
1156.374	0.0	+37.5	4	578187
1156.374	0.0	+37.5	4	578187
1166.928	0.0	-37.5	7	583464
1166.928	0.0	-37.5	7	583464
1169.058	0.0	-12.5	6	584529
1169.058	0.0	-12.5	6	584529
1171.188	0.0	+12.5	5	585594
1171.188	0.0	+12.5	5	585594
1179.944	0.0	+37.5	4	589972
1179.944	0.0	+37.5	4	589972
1182.074	0.0	-37.5	7	591037
1182.074	0.0	-37.5	7	591037
1184.212	0.0	-12.5	6	592106
1184.212	0.0	-12.5	6	592106
1186.34	0.0	+12.5	5	593170
1186.34	0.0	+12.5	5	593170
1188.468	0.0	+37.5	4	594234
1188.468	0.0	+37.5	4	594234
1190.612	0.0	+12.5	5	595306
1190.612	0.0	+12.5	5	595306
1192.73	0.0	-12.5	6	596365
1192.73	0.0	-12.5	6	596365
1194.854	0.0	-37.5	7	597427
1194.854	0.0	-37.5	7	597427
1196.994	0.0	+12.5	5	598497
1196.994	0.0	+12.5	5	598497
1199.126	0.0	-37.5	7	599563
1199.126	0.0	-37.5	7	599563
1201.258	0.0	+37.5	4	600629
1201.258	0.0	+37.5	4	600629
1203.402	0.0	-12.5	6	601701
1203.402	0.0	-12.5	6	601701
1205.532	0.0	+12.5	5	602766
1205.532	0.0	+12.5	5	602766
1207.678	0.0	-12.5	6	603839
1207.678	0.0	-12.5	6	603839
1209.808	0.0	-37.5	7	604904
1209.808	0.0	-37.5	7	604904
1211.946	0.0	+37.5	4	605973
1211.946	0.0	+37.5	4	605973
1214.076	0.0	-12.5	6	607038
1214.076	0.0	-12.5	6	607038
1216.216	0.0	+12.5	5	608108
1216.216	0.0	+12.5	5	608108
1218.33	0.0	-37.5	7	609165
1218.33	0.0	-37.5	7	609165
1220.444	0.0	+37.5	4	610222
1220.444	0.0	+37.5	4	610222
1222.578	0.0	-12.5	6	611289
1222.578	0.0	-12.5	6	611289
1224.71	0.0	+37.5	4	612355
1224.71	0.0	+37.5	4	612355
1226.84	0.0	+12.5	5	613420
1226.84	0.0	+12.5	5	613420
1228.95	0.0	-37.5	7	614475
1228.95	0.0	-37.5	7	614475
1231.084	0.0	+37.5	4	615542
1231.084	0.0	+37.5	4	615542
1233.216	0.0	-12.5	6	616608
1233.216	0.0	-12.5	6	616608
1235.342	0.0	-37.5	7	617671
1235.342	0.0	-37.5	7	617671
1237.476	0.0	+12.5	5	618738
1237.476	0.0	+12.5	5	618738
1239.61	0.0	+37.5	4	619805
1239.61	0.0	+37.5	4	619805
1241.746	0.0	-12.5	6	620873
1241.746	0.0	-12.5	6	620873
1243.876	0.0	-37.5	7	621938
1243.876	0.0	-37.5	7	621938
1246.014	0.0	+12.5	5	623007
1246.014	0.0	+12.5	5	623007
1248.132	0.0	-12.5	6	624066
1248.132	0.0	-12.5	6	624066
1250.27	0.0	+12.5	5	625135
1250.27	0.0	+12.5	5	625135
1252.41	0.0	+37.5	4	626205
1252.41	0.0	+37.5	4	626205
1254.54	0.0	-37.5	7	627270
1254.54	0.0	-37.5	7	627270
1256.686	0.0	-12.5	6	628343
1256.686	0.0	-12.5	6	628343
1258.804	0.0	+12.5	5	629402
1258.804	0.0	+12.5	5	629402
1260.922	0.0	-37.5	7	630461
1260.922	0.0	-37.5	7	630461
1263.06	0.0	+37.5	4	631530
1263.06	0.0	+37.5	4	631530
1265.186	0.0	+12.5	5	632593
1265.186	0.0	+12.5	5	632593
1274.834	0.0	+37.5	4	637417
1274.834	0.0	+37.5	4	637417
1276.912	0.0	-12.5	6	638456
1276.912	0.0	-12.5	6	638456
1279.022	0.0	-37.5	7	639511
1279.022	0.0	-37.5	7	639511
1281.148	0.0	+12.5	5	640574
1281.148	0.0	+12.5	5	640574
1283.272	0.0	-37.5	7	641636
1283.272	0.0	-37.5	7	641636
1291.934	0.0	-12.5	6	645967
1291.934	0.0	-12.5	6	645967
1294.07	0.0	+37.5	4	647035
1294.07	0.0	+37.5	4	647035
1296.176	0.0	-37.5	7	648088
1296.176	0.0	-37.5	7	648088
1298.318	0.0	-12.5	6	649159
1298.318	0.0	-12.5	6	649159
1300.448	0.0	+12.5	5	650224
1300.448	0.0	+12.5	5	650224
1302.572	0.0	+37.5	4	651286
1302.572	0.0	+37.5	4	651286
1304.716	0.0	-12.5	6	652358
1304.716	0.0	-12.5	6	652358
1306.84	0.0	-37.5	7	653420
1306.84	0.0	-37.5	7	653420
1308.96	0.0	+37.5	4	654480
1308.96	0.0	+37.5	4	654480
1311.106	0.0	+12.5	5	655553
1311.106	0.0	+12.5	5	655553
1313.25	0.0	-37.5	7	656625
1313.25	0.0	-37.5	7	656625
1315.374	0.0	-12.5	6	657687
1315.374	0.0	-12.5	6	657687
1317.51	0.0	+37.5	4	658755
1317.51	0.0	+37.5	4	658755
1319.636	0.0	+12.5	5	659818
1319.636	0.0	+12.5	5	659818
1321.774	0.0	+37.5	4	660887
1321.774	0.0	+37.5	4	660887
1323.904	0.0	-37.5	7	661952
1323.904	0.0	-37.5	7	661952
1326.03	0.0	-12.5	6	663015
1326.03	0.0	-12.5	6	663015
1328.172	0.0	+12.5	5	664086
1328.172	0.0	+12.5	5	664086
1339.016	0.0	-37.5	7	669508
1339.016	0.0	-37.5	7	669508
1341.14	0.0	-12.5	6	670570
1341.14	0.0	-12.5	6	670570
1343.262	0.0	+12.5	5	671631
1343.262	0.0	+12.5	5	671631
1345.396	0.0	+37.5	4	672698
1345.396	0.0	+37.5	4	672698
1347.514	0.0	-12.5	6	673757
1347.514	0.0	-12.5	6	673757
1349.642	0.0	+12.5	5	674821
1349.642	0.0	+12.5	5	674821
1358.304	0.0	+37.5	4	679152
1358.304	0.0	+37.5	4	679152
1360.448	0.0	-37.5	7	680224
1360.448	0.0	-37.5	7	680224
1362.584	0.0	-12.5	6	681292
1362.584	0.0	-12.5	6	681292
1364.716	0.0	+37.5	4	682358
1364.716	0.0	+37.5	4	682358
1366.834	0.0	-37.5	7	683417
1366.834	0.0	-37.5	7	683417
1368.966	0.0	+12.5	5	684483
1368.966	0.0	+12.5	5	684483
1371.082	0.0	-12.5	6	685541
1371.082	0.0	-12.5	6	685541
1381.468	0.0	-37.5	7	690734
1381.468	0.0	-37.5	7	690734
1383.6	0.0	+37.5	4	691800
1383.6	0.0	+37.5	4	691800
1385.724	0.0	+12.5	5	692862
1385.724	0.0	+12.5	5	692862
1387.86	0.0	-12.5	6	693930
1387.86	0.0	-12.5	6	693930
1389.994	0.0	+37.5	4	694997
1389.994	0.0	+37.5	4	694997
1399.038	0.0	+12.5	5	699519
1399.038	0.0	+12.5	5	699519
1401.166	0.0	-37.5	7	700583
1401.166	0.0	-37.5	7	700583
1403.29	0.0	-12.5	6	701645
1403.29	0.0	-12.5	6	701645
1405.4	0.0	+12.5	5	702700
1405.4	0.0	+12.5	5	702700
1407.54	0.0	+37.5	4	703770
1407.54	0.0	+37.5	4	703770
1409.67	0.0	-37.5	7	704835
1409.67	0.0	-37.5	7	704835
1411.786	0.0	+37.5	4	705893
1411.786	0.0	+37.5	4	705893
1413.92	0.0	-12.5	6	706960
1413.92	0.0	-12.5	6	706960
1416.058	0.0	-37.5	7	708029
1416.058	0.0	-37.5	7	708029
1418.184	0.0	+12.5	5	709092
1418.184	0.0	+12.5	5	709092
1426.162	0.0	-37.5	7	713081
1426.162	0.0	-37.5	7	713081
1428.292	0.0	-12.5	6	714146
1428.292	0.0	-12.5	6	714146
1430.42	0.0	+37.5	4	715210
1430.42	0.0	+37.5	4	715210
1432.556	0.0	+12.5	5	716278
1432.556	0.0	+12.5	5	716278
1434.696	0.0	+37.5	4	717348
1434.696	0.0	+37.5	4	717348
1442.636	0.0	-12.5	6	721318
1442.636	0.0	-12.5	6	721318
1444.78	0.0	-37.5	7	722390
1444.78	0.0	-37.5	7	722390
1446.922	0.0	+12.5	5	723461
1446.922	0.0	+12.5	5	723461
1449.056	0.0	+37.5	4	724528
1449.056	0.0	+37.5	4	724528
1451.192	0.0	-12.5	6	725596
1451.192	0.0	-12.5	6	725596
1463.294	0.0	+12.5	5	731647
1463.294	0.0	+12.5	5	731647
1465.424	0.0	-37.5	7	732712
1465.424	0.0	-37.5	7	732712
1467.548	0.0	-12.5	6	733774
1467.548	0.0	-12.5	6	733774
1469.67	0.0	-37.5	7	734835
1469.67	0.0	-37.5	7	734835
1471.802	0.0	+12.5	5	735901
1471.802	0.0	+12.5	5	735901
1473.934	0.0	+37.5	4	736967
1473.934	0.0	+37.5	4	736967
1476.054	0.0	+12.5	5	738027
1476.054	0.0	+12.5	5	738027
1478.192	0.0	-37.5	7	739096
1478.192	0.0	-37.5	7	739096
1480.324	0.0	-12.5	6	740162
1480.324	0.0	-12.5	6	740162
1482.446	0.0	+37.5	4	741223
1482.446	0.0	+37.5	4	741223
1484.566	0.0	+12.5	5	742283
1484.566	0.0	+12.5	5	742283
1486.706	0.0	-12.5	6	743353
1486.706	0.0	-12.5	6	743353
1488.846	0.0	+37.5	4	744423
1488.846	0.0	+37.5	4	744423
1490.986	0.0	-37.5	7	745493
1490.986	0.0	-37.5	7	745493
1493.112	0.0	+37.5	4	746556
1493.112	0.0	+37.5	4	746556
1495.24	0.0	-12.5	6	747620
1495.24	0.0	-12.5	6	747620
1497.382	0.0	+12.5	5	748691
1497.382	0.0	+12.5	5	748691
1499.536	0.0	-37.5	7	749768
1499.536	0.0	-37.5	7	749768
1501.66	0.0	-12.5	6	750830
1501.66	0.0	-12.5	6	750830
1503.8	0.0	+37.5	4	751900
1503.8	0.0	+37.5	4	751900
1505.928	0.0	+12.5	5	752964
1505.928	0.0	+12.5	5	752964
1508.062	0.0	-37.5	7	754031
1508.062	0.0	-37.5	7	754031
1510.194	0.0	+37.5	4	755097
1510.194	0.0	+37.5	4	755097
1512.336	0.0	-12.5	6	756168
1512.336	0.0	-12.5	6	756168
1514.466	0.0	-37.5	7	757233
1514.466	0.0	-37.5	7	757233
1516.588	0.0	+12.5	5	758294
1516.588	0.0	+12.5	5	758294
1518.726	0.0	-12.5	6	759363
1518.726	0.0	-12.5	6	759363
1520.866	0.0	+37.5	4	760433
1520.866	0.0	+37.5	4	760433
1523.004	0.0	+12.5	5	761502
1523.004	0.0	+12.5	5	761502
1525.136	0.0	-37.5	7	762568
1525.136	0.0	-37.5	7	762568
1533.87	0.0	+37.5	4	766935
1533.87	0.0	+37.5	4	766935
1536.008	0.0	+12.5	5	768004
1536.008	0.0	+12.5	5	768004
1538.152	0.0	-12.5	6	769076
1538.152	0.0	-12.5	6	769076
1540.288	0.0	-37.5	7	770144
1540.288	0.0	-37.5	7	770144
1542.424	0.0	-12.5	6	771212
1542.424	0.0	-12.5	6	771212
1544.558	0.0	+37.5	4	772279
1544.558	0.0	+37.5	4	772279
1546.68	0.0	-37.5	7	773340
1546.68	0.0	-37.5	7	773340
1548.824	0.0	+12.5	5	774412
1548.824	0.0	+12.5	5	774412
1550.958	0.0	+37.5	4	775479
1550.958	0.0	+37.5	4	775479
1553.094	0.0	-37.5	7	776547
1553.094	0.0	-37.5	7	776547
1562.468	0.0	+12.5	5	781234
1562.468	0.0	+12.5	5	781234
1564.606	0.0	-12.5	6	782303
1564.606	0.0	-12.5	6	782303
1566.718	0.0	+12.5	5	783359
1566.718	0.0	+12.5	5	783359
1568.856	0.0	-37.5	7	784428
1568.856	0.0	-37.5	7	784428
1570.976	0.0	-12.5	6	785488
1570.976	0.0	-12.5	6	785488
1573.086	0.0	+37.5	4	786543
1573.086	0.0	+37.5	4	786543
1575.222	0.0	+12.5	5	787611
1575.222	0.0	+12.5	5	787611
1577.352	0.0	+37.5	4	788676
1577.352	0.0	+37.5	4	788676
1579.486	0.0	-37.5	7	789743
1579.486	0.0	-37.5	7	789743
1581.61	0.0	-12.5	6	790805
1581.61	0.0	-12.5	6	790805
1583.75	0.0	+12.5	5	791875
1583.75	0.0	+12.5	5	791875
1585.878	0.0	+37.5	4	792939
1585.878	0.0	+37.5	4	792939
1588.004	0.0	-12.5	6	794002
1588.004	0.0	-12.5	6	794002
1590.134	0.0	-37.5	7	795067
1590.134	0.0	-37.5	7	795067
1592.276	0.0	+12.5	5	796138
1592.276	0.0	+12.5	5	796138
1594.426	0.0	+37.5	4	797213
1594.426	0.0	+37.5	4	797213
1596.558	0.0	-37.5	7	798279
1596.558	0.0	-37.5	7	798279
1598.686	0.0	-12.5	6	799343
1598.686	0.0	-12.5	6	799343
1600.816	0.0	-37.5	7	800408
1600.816	0.0	-37.5	7	800408
1602.944	0.0	+12.5	5	801472
1602.944	0.0	+12.5	5	801472
1605.058	0.0	+37.5	4	802529
1605.058	0.0	+37.5	4	802529
1607.178	0.0	-12.5	6	803589
1607.178	0.0	-12.5	6	803589
1609.312	0.0	+12.5	5	804656
1609.312	0.0	+12.5	5	804656
1611.432	0.0	+37.5	4	805716
1611.432	0.0	+37.5	4	805716
1613.564	0.0	-37.5	7	806782
1613.564	0.0	-37.5	7	806782
1615.696	0.0	-12.5	6	807848
1615.696	0.0	-12.5	6	807848
1617.834	0.0	-37.5	7	808917
1617.834	0.0	-37.5	7	808917
1619.962	0.0	+37.5	4	809981
1619.962	0.0	+37.5	4	809981
1622.078	0.0	+12.5	5	811039
1622.078	0.0	+12.5	5	811039
1624.21	0.0	-12.5	6	812105
1624.21	0.0	-12.5	6	812105
1626.352	0.0	-37.5	7	813176
1626.352	0.0	-37.5	7	813176
1628.476	0.0	-12.5	6	814238
1628.476	0.0	-12.5	6	814238
1630.616	0.0	+37.5	4	815308
1630.616	0.0	+37.5	4	815308
1632.76	0.0	+12.5	5	816380
1632.76	0.0	+12.5	5	816380
1634.89	0.0	-37.5	7	817445
1634.89	0.0	-37.5	7	817445
1637.0	0.0	+12.5	5	818500
1637.0	0.0	+12.5	5	818500
1639.13	0.0	+37.5	4	819565
1639.13	0.0	+37.5	4	819565
1641.278	0.0	-12.5	6	820639
1641.278	0.0	-12.5	6	820639
1643.402	0.0	-37.5	7	821701
1643.402	0.0	-37.5	7	821701
1645.538	0.0	+37.5	4	822769
1645.538	0.0	+37.5	4	822769
1647.66	0.0	-12.5	6	823830
1647.66	0.0	-12.5	6	823830
1649.796	0.0	+12.5	5	824898
1649.796	0.0	+12.5	5	824898
1651.918	0.0	-12.5	6	825959
1651.918	0.0	-12.5	6	825959
1654.06	0.0	+37.5	4	827030
1654.06	0.0	+37.5	4	827030
1656.196	0.0	-37.5	7	828098
1656.196	0.0	-37.5	7	828098
1658.33	0.0	+12.5	5	829165
1658.33	0.0	+12.5	5	829165
1660.46	0.0	-12.5	6	830230
1660.46	0.0	-12.5	6	830230
1662.592	0.0	+37.5	4	831296
1662.592	0.0	+37.5	4	831296
1664.728	0.0	-37.5	7	832364
1664.728	0.0	-37.5	7	832364
1666.846	0.0	+12.5	5	833423
1666.846	0.0	+12.5	5	833423
1668.978	0.0	-12.5	6	834489
1668.978	0.0	-12.5	6	834489
1671.112	0.0	+12.5	5	835556
1671.112	0.0	+12.5	5	835556
1673.252	0.0	-37.5	7	836626
1673.252	0.0	-37.5	7	836626
1675.386	0.0	+37.5	4	837693
1675.386	0.0	+37.5	4	837693
1684.486	0.0	+12.5	5	842243
1684.486	0.0	+12.5	5	842243
1686.61	0.0	-12.5	6	843305
1686.61	0.0	-12.5	6	843305
1688.718	0.0	+37.5	4	844359
1688.718	0.0	+37.5	4	844359
1690.844	0.0	-37.5	7	845422
1690.844	0.0	-37.5	7	845422
1693.0	0.0	+37.5	4	846500
1693.0	0.0	+37.5	4	846500
1695.108	0.0	-37.5	7	847554
1695.108	0.0	-37.5	7	847554
1697.214	0.0	+12.5	5	848607
1697.214	0.0	+12.5	5	848607
1699.356	0.0	-12.5	6	849678
1699.356	0.0	-12.5	6	849678
1701.5	0.0	+12.5	5	850750
1701.5	0.0	+12.5	5	850750
1703.61	0.0	-12.5	6	851805
1703.61	0.0	-12.5	6	851805
1705.734	0.0	+37.5	4	852867
1705.734	0.0	+37.5	4	852867
1707.864	0.0	-37.5	7	853932
1707.864	0.0	-37.5	7	853932
1709.992	0.0	+37.5	4	854996
1709.992	0.0	+37.5	4	854996
1712.126	0.0	-37.5	7	856063
1712.126	0.0	-37.5	7	856063
1714.268	0.0	-12.5	6	857134
1714.268	0.0	-12.5	6	857134
1716.4	0.0	+12.5	5	858200
1716.4	0.0	+12.5	5	858200
1718.524	0.0	-37.5	7	859262
1718.524	0.0	-37.5	7	859262
1720.652	0.0	+12.5	5	860326
1720.652	0.0	+12.5	5	860326
1722.792	0.0	-12.5	6	861396
1722.792	0.0	-12.5	6	861396
1724.922	0.0	+37.5	4	862461
1724.922	0.0	+37.5	4	862461
1727.062	0.0	-37.5	7	863531
1727.062	0.0	-37.5	7	863531
1729.192	0.0	-12.5	6	864596
1729.192	0.0	-12.5	6	864596
1731.322	0.0	+12.5	5	865661
1731.322	0.0	+12.5	5	865661
1733.432	0.0	+37.5	4	866716
1733.432	0.0	+37.5	4	866716
1735.562	0.0	-37.5	7	867781
1735.562	0.0	-37.5	7	867781
1737.696	0.0	+12.5	5	868848
1737.696	0.0	+12.5	5	868848
1739.806	0.0	+37.5	4	869903
1739.806	0.0	+37.5	4	869903
1741.922	0.0	-12.5	6	870961
1741.922	0.0	-12.5	6	870961
1744.07	0.0	+37.5	4	872035
1744.07	0.0	+37.5	4	872035
1746.212	0.0	+12.5	5	873106
1746.212	0.0	+12.5	5	873106
1748.346	0.0	-37.5	7	874173
1748.346	0.0	-37.5	7	874173
1750.494	0.0	-12.5	6	875247
1750.494	0.0	-12.5	6	875247
1758.718	0.0	-12.5	6	879359
1758.718	0.0	-12.5	6	879359
1760.854	0.0	-37.5	7	880427
1760.854	0.0	-37.5	7	880427
1762.978	0.0	+12.5	5	881489
1762.978	0.0	+12.5	5	881489
1765.11	0.0	+37.5	4	882555
1765.11	0.0	+37.5	4	882555
1767.24	0.0	-12.5	6	883620
1767.24	0.0	-12.5	6	883620
1769.378	0.0	+12.5	5	884689
1769.378	0.0	+12.5	5	884689
1771.508	0.0	-37.5	7	885754
1771.508	0.0	-37.5	7	885754
1773.638	0.0	+37.5	4	886819
1773.638	0.0	+37.5	4	886819
1775.774	0.0	+12.5	5	887887
1775.774	0.0	+12.5	5	887887
1777.928	0.0	-12.5	6	888964
1777.928	0.0	-12.5	6	888964
1780.042	0.0	+37.5	4	890021
1780.042	0.0	+37.5	4	890021
1782.176	0.0	-37.5	7	891088
1782.176	0.0	-37.5	7	891088
1784.302	0.0	+37.5	4	892151
1784.302	0.0	+37.5	4	892151
1786.434	0.0	+12.5	5	893217
1786.434	0.0	+12.5	5	893217
1788.548	0.0	-12.5	6	894274
1788.548	0.0	-12.5	6	894274
1790.69	0.0	-37.5	7	895345
1790.69	0.0	-37.5	7	895345
1792.822	0.0	+12.5	5	896411
1792.822	0.0	+12.5	5	896411
1794.962	0.0	-37.5	7	897481
1794.962	0.0	-37.5	7	897481
1797.086	0.0	-12.5	6	898543
1797.086	0.0	-12.5	6	898543
1799.218	0.0	+37.5	4	899609
1799.218	0.0	+37.5	4	899609
1801.342	0.0	-37.5	7	900671
1801.342	0.0	-37.5	7	900671
1803.46	0.0	-12.5	6	901730
1803.46	0.0	-12.5	6	901730
1805.596	0.0	+37.5	4	902798
1805.596	0.0	+37.5	4	902798
1807.724	0.0	+12.5	5	903862
1807.724	0.0	+12.5	5	903862
1809.846	0.0	-12.5	6	904923
1809.846	0.0	-12.5	6	904923
1811.982	0.0	+37.5	4	905991
1811.982	0.0	+37.5	4	905991
1820.17	0.0	-37.5	7	910085
1820.17	0.0	-37.5	7	910085
1822.306	0.0	+12.5	5	911153
1822.306	0.0	+12.5	5	911153
1824.438	0.0	+37.5	4	912219
1824.438	0.0	+37.5	4	912219
1826.584	0.0	-12.5	6	913292
1826.584	0.0	-12.5	6	913292
1828.726	0.0	+12.5	5	914363
1828.726	0.0	+12.5	5	914363
1830.868	0.0	-37.5	7	915434
1830.868	0.0	-37.5	7	915434
1832.99	0.0	+37.5	4	916495
1832.99	0.0	+37.5	4	916495
1835.124	0.0	-12.5	6	917562
1835.124	0.0	-12.5	6	917562
1837.238	0.0	-37.5	7	918619
1837.238	0.0	-37.5	7	918619
1839.366	0.0	+12.5	5	919683
1839.366	0.0	+12.5	5	919683
1841.504	0.0	-37.5	7	920752
1841.504	0.0	-37.5	7	920752
1843.618	0.0	+37.5	4	921809
1843.618	0.0	+37.5	4	921809
1845.742	0.0	-12.5	6	922871
1845.742	0.0	-12.5	6	922871
1853.812	0.0	+12.5	5	926906
1853.812	0.0	+12.5	5	926906
1855.938	0.0	-12.5	6	927969
1855.938	0.0	-12.5	6	927969
1858.076	0.0	+12.5	5	929038
1858.076	0.0	+12.5	5	929038
1860.21	0.0	+37.5	4	930105
1860.21	0.0	+37.5	4	930105
1862.334	0.0	-37.5	7	931167
1862.334	0.0	-37.5	7	931167
1864.472	0.0	+37.5	4	932236
1864.472	0.0	+37.5	4	932236
1866.612	0.0	-37.5	7	933306
1866.612	0.0	-37.5	7	933306
1868.74	0.0	+12.5	5	934370
1868.74	0.0	+12.5	5	934370
1870.884	0.0	-12.5	6	935442
1870.884	0.0	-12.5	6	935442
1873.016	0.0	+37.5	4	936508
1873.016	0.0	+37.5	4	936508
1875.16	0.0	-37.5	7	937580
1875.16	0.0	-37.5	7	937580
1877.316	0.0	-12.5	6	938658
1877.316	0.0	-12.5	6	938658
1879.444	0.0	+12.5	5	939722
1879.444	0.0	+12.5	5	939722
1881.556	0.0	-37.5	7	940778
1881.556	0.0	-37.5	7	940778
1883.684	0.0	+12.5	5	941842
1883.684	0.0	+12.5	5	941842
1885.828	0.0	+37.5	4	942914
1885.828	0.0	+37.5	4	942914
1887.966	0.0	-12.5	6	943983
1887.966	0.0	-12.5	6	943983
1897.968	0.0	-37.5	7	948984
1897.968	0.0	-37.5	7	948984
1900.1	0.0	-12.5	6	950050
1900.1	0.0	-12.5	6	950050
1902.248	0.0	+37.5	4	951124
1902.248	0.0	+37.5	4	951124
1904.378	0.0	+12.5	5	952189
1904.378	0.0	+12.5	5	952189
1906.496	0.0	-12.5	6	953248
1906.496	0.0	-12.5	6	953248
1908.622	0.0	-37.5	7	954311
1908.622	0.0	-37.5	7	954311
1910.748	0.0	+12.5	5	955374
1910.748	0.0	+12.5	5	955374
1912.87	0.0	+37.5	4	956435
1912.87	0.0	+37.5	4	956435
1915.008	0.0	+12.5	5	957504
1915.008	0.0	+12.5	5	957504
1917.14	0.0	-37.5	7	958570
1917.14	0.0	-37.5	7	958570
1925.398	0.0	+37.5	4	962699
1925.398	0.0	+37.5	4	962699
1927.518	0.0	-12.5	6	963759
1927.518	0.0	-12.5	6	963759
1929.644	0.0	+12.5	5	964822
1929.644	0.0	+12.5	5	964822
1931.764	0.0	-12.5	6	965882
1931.764	0.0	-12.5	6	965882
1933.884	0.0	-37.5	7	966942
1933.884	0.0	-37.5	7	966942
1936.016	0.0	+37.5	4	968008
1936.016	0.0	+37.5	4	968008
1938.138	0.0	+12.5	5	969069
1938.138	0.0	+12.5	5	969069
1940.264	0.0	+37.5	4	970132
1940.264	0.0	+37.5	4	970132
1942.404	0.0	-12.5	6	971202
1942.404	0.0	-12.5	6	971202
1944.548	0.0	-37.5	7	972274
1944.548	0.0	-37.5	7	972274
1953.408	0.0	-12.5	6	976704
1953.408	0.0	-12.5	6	976704
1955.534	0.0	+12.5	5	977767
1955.534	0.0	+12.5	5	977767
1957.674	0.0	+37.5	4	978837
1957.674	0.0	+37.5	4	978837
1959.806	0.0	-37.5	7	979903
1959.806	0.0	-37.5	7	979903
1961.94	0.0	+37.5	4	980970
1961.94	0.0	+37.5	4	980970
1964.078	0.0	+12.5	5	982039
1964.078	0.0	+12.5	5	982039
1966.202	0.0	-37.5	7	983101
1966.202	0.0	-37.5	7	983101
1968.344	0.0	-12.5	6	984172
1968.344	0.0	-12.5	6	984172
1970.49	0.0	+37.5	4	985245
1970.49	0.0	+37.5	4	985245
1972.62	0.0	+12.5	5	986310
1972.62	0.0	+12.5	5	986310
1974.758	0.0	-37.5	7	987379
1974.758	0.0	-37.5	7	987379
1976.892	0.0	-12.5	6	988446
1976.892	0.0	-12.5	6	988446
1979.046	0.0	+12.5	5	989523
1979.046	0.0	+12.5	5	989523
1981.186	0.0	-37.5	7	990593
1981.186	0.0	-37.5	7	990593
1983.314	0.0	+37.5	4	991657
1983.314	0.0	+37.5	4	991657
1985.422	0.0	-12.5	6	992711
1985.422	0.0	-12.5	6	992711
1987.54	0.0	+12.5	5	993770
1987.54	0.0	+12.5	5	993770
1989.688	0.0	-12.5	6	994844
1989.688	0.0	-12.5	6	994844
1991.818	0.0	-37.5	7	995909
1991.818	0.0	-37.5	7	995909
1993.952	0.0	+37.5	4	996976
1993.952	0.0	+37.5	4	996976
1996.066	0.0	-12.5	6	998033
1996.066	0.0	-12.5	6	998033
1998.198	0.0	+12.5	5	999099
1998.198	0.0	+12.5	5	999099
2000.324	0.0	-37.5	7	1000162
2000.324	0.0	-37.5	7	1000162
2002.47	0.0	+37.5	4	1001235
2002.47	0.0	+37.5	4	1001235
2004.594	0.0	+12.5	5	1002297
2004.594	0.0	+12.5	5	1002297
2006.726	0.0	-37.5	7	1003363
2006.726	0.0	-37.5	7	1003363
2008.864	0.0	+37.5	4	1004432
2008.864	0.0	+37.5	4	1004432
2010.986	0.0	-12.5	6	1005493
2010.986	0.0	-12.5	6	1005493
2013.104	0.0	+12.5	5	1006552
2013.104	0.0	+12.5	5	1006552
2015.238	0.0	+37.5	4	1007619
2015.238	0.0	+37.5	4	1007619
2017.374	0.0	-37.5	7	1008687
2017.374	0.0	-37.5	7	1008687
2019.502	0.0	-12.5	6	1009751
2019.502	0.0	-12.5	6	1009751
2021.62	0.0	+12.5	5	1010810
2021.62	0.0	+12.5	5	1010810
2023.762	0.0	-37.5	7	1011881
2023.762	0.0	-37.5	7	1011881
2025.892	0.0	-12.5	6	1012946
2025.892	0.0	-12.5	6	1012946
2028.022	0.0	+37.5	4	1014011
2028.022	0.0	+37.5	4	1014011
2030.16	0.0	-37.5	7	1015080
2030.16	0.0	-37.5	7	1015080
2032.298	0.0	-12.5	6	1016149
2032.298	0.0	-12.5	6	1016149
2034.438	0.0	+12.5	5	1017219
2034.438	0.0	+12.5	5	1017219
2036.58	0.0	+37.5	4	1018290
2036.58	0.0	+37.5	4	1018290
2038.704	0.0	+12.5	5	1019352
2038.704	0.0	+12.5	5	1019352
2040.842	0.0	-37.5	7	1020421
2040.842	0.0	-37.5	7	1020421
2042.974	0.0	+37.5	4	1021487
2042.974	0.0	+37.5	4	1021487
2045.122	0.0	-12.5	6	1022561
2045.122	0.0	-12.5	6	1022561
2053.67	0.0	+12.5	5	1026835
2053.67	0.0	+12.5	5	1026835
2055.816	0.0	-37.5	7	1027908
2055.816	0.0	-37.5	7	1027908
2057.95	0.0	+37.5	4	1028975
2057.95	0.0	+37.5	4	1028975
2060.064	0.0	-12.5	6	1030032
2060.064	0.0	-12.5	6	1030032
2062.188	0.0	+12.5	5	1031094
2062.188	0.0	+12.5	5	1031094
2064.322	0.0	+37.5	4	1032161
2064.322	0.0	+37.5	4	1032161
2066.446	0.0	-37.5	7	1033223
2066.446	0.0	-37.5	7	1033223
2068.576	0.0	-12.5	6	1034288
2068.576	0.0	-12.5	6	1034288
2070.708	0.0	-37.5	7	1035354
2070.708	0.0	-37.5	7	1035354
2072.844	0.0	-12.5	6	1036422
2072.844	0.0	-12.5	6	1036422
2074.972	0.0	+12.5	5	1037486
2074.972	0.0	+12.5	5	1037486
2077.116	0.0	+37.5	4	1038558
2077.116	0.0	+37.5	4	1038558
2079.226	0.0	+12.5	5	1039613
2079.226	0.0	+12.5	5	1039613
2081.358	0.0	+37.5	4	1040679
2081.358	0.0	+37.5	4	1040679
2083.478	0.0	-12.5	6	1041739
2083.478	0.0	-12.5	6	1041739
2085.616	0.0	-37.5	7	1042808
2085.616	0.0	-37.5	7	1042808
2087.756	0.0	-12.5	6	1043878
2087.756	0.0	-12.5	6	1043878
2096.508	0.0	-37.5	7	1048254
2096.508	0.0	-37.5	7	1048254
2098.64	0.0	+12.5	5	1049320
2098.64	0.0	+12.5	5	1049320
2100.778	0.0	+37.5	4	1050389
2100.778	0.0	+37.5	4	1050389
2102.904	0.0	+12.5	5	1051452
2102.904	0.0	+12.5	5	1051452
2105.028	0.0	+37.5	4	1052514
2105.028	0.0	+37.5	4	1052514
2107.168	0.0	-37.5	7	1053584
2107.168	0.0	-37.5	7	1053584
2109.25	0.0	-12.5	6	1054625
2109.25	0.0	-12.5	6	1054625
2111.378	0.0	+12.5	5	1055689
2111.378	0.0	+12.5	5	1055689
2113.5	0.0	-37.5	7	1056750
2113.5	0.0	-37.5	7	1056750
2115.64	0.0	+37.5	4	1057820
2115.64	0.0	+37.5	4	1057820
2117.77	0.0	-12.5	6	1058885
2117.77	0.0	-12.5	6	1058885
2119.892	0.0	+12.5	5	1059946
2119.892	0.0	+12.5	5	1059946
2129.072	0.0	-12.5	6	1064536
2129.072	0.0	-12.5	6	1064536
2131.216	0.0	+37.5	4	1065608
2131.216	0.0	+37.5	4	1065608
2133.354	0.0	-37.5	7	1066677
2133.354	0.0	-37.5	7	1066677
2135.464	0.0	+37.5	4	1067732
2135.464	0.0	+37.5	4	1067732
2137.586	0.0	+12.5	5	1068793
2137.586	0.0	+12.5	5	1068793
2139.724	0.0	-12.5	6	1069862
2139.724	0.0	-12.5	6	1069862
2141.862	0.0	-37.5	7	1070931
2141.862	0.0	-37.5	7	1070931
2143.996	0.0	+37.5	4	1071998
2143.996	0.0	+37.5	4	1071998
2146.136	0.0	-37.5	7	1073068
2146.136	0.0	-37.5	7	1073068
2148.266	0.0	+12.5	5	1074133
2148.266	0.0	+12.5	5	1074133
2157.552	0.0	-12.5	6	1078776
2157.552	0.0	-12.5	6	1078776
2159.68	0.0	+12.5	5	1079840
2159.68	0.0	+12.5	5	1079840
2161.818	0.0	-37.5	7	1080909
2161.818	0.0	-37.5	7	1080909
2163.962	0.0	-12.5	6	1081981
2163.962	0.0	-12.5	6	1081981
2166.088	0.0	+37.5	4	1083044
2166.088	0.0	+37.5	4	1083044
2168.22	0.0	+12.5	5	1084110
2168.22	0.0	+12.5	5	1084110
2170.338	0.0	-12.5	6	1085169
2170.338	0.0	-12.5	6	1085169
2172.468	0.0	+37.5	4	1086234
2172.468	0.0	+37.5	4	1086234
2174.596	0.0	-37.5	7	1087298
2174.596	0.0	-37.5	7	1087298
2176.728	0.0	+12.5	5	1088364
2176.728	0.0	+12.5	5	1088364
2178.87	0.0	+37.5	4	1089435
2178.87	0.0	+37.5	4	1089435
2181.006	0.0	-37.5	7	1090503
2181.006	0.0	-37.5	7	1090503
2183.128	0.0	-12.5	6	1091564
2183.128	0.0	-12.5	6	1091564
2185.282	0.0	-37.5	7	1092641
2185.282	0.0	-37.5	7	1092641
2187.41	0.0	+37.5	4	1093705
2187.41	0.0	+37.5	4	1093705
2189.552	0.0	-12.5	6	1094776
2189.552	0.0	-12.5	6	1094776
2191.68	0.0	+12.5	5	1095840
2191.68	0.0	+12.5	5	1095840
2193.806	0.0	-37.5	7	1096903
2193.806	0.0	-37.5	7	1096903
2195.936	0.0	+37.5	4	1097968
2195.936	0.0	+37.5	4	1097968
2198.074	0.0	-12.5	6	1099037
2198.074	0.0	-12.5	6	1099037
2200.188	0.0	+12.5	5	1100094
2200.188	0.0	+12.5	5	1100094
2202.316	0.0	+37.5	4	1101158
2202.316	0.0	+37.5	4	1101158
2204.46	0.0	-12.5	6	1102230
2204.46	0.0	-12.5	6	1102230
2206.592	0.0	-37.5	7	1103296
2206.592	0.0	-37.5	7	1103296
2208.704	0.0	+12.5	5	1104352
2208.704	0.0	+12.5	5	1104352
2210.85	0.0	-12.5	6	1105425
2210.85	0.0	-12.5	6	1105425
2213.0	0.0	-37.5	7	1106500
2213.0	0.0	-37.5	7	1106500
2215.118	0.0	+37.5	4	1107559
2215.118	0.0	+37.5	4	1107559
2217.254	0.0	+12.5	5	1108627
2217.254	0.0	+12.5	5	1108627
2219.398	0.0	-12.5	6	1109699
2219.398	0.0	-12.5	6	1109699
2221.522	0.0	+12.5	5	1110761
2221.522	0.0	+12.5	5	1110761
2223.65	0.0	+37.5	4	1111825
2223.65	0.0	+37.5	4	1111825
2225.798	0.0	-37.5	7	1112899
2225.798	0.0	-37.5	7	1112899
2227.918	0.0	+37.5	4	1113959
2227.918	0.0	+37.5	4	1113959
2230.03	0.0	-37.5	7	1115015
2230.03	0.0	-37.5	7	1115015
2239.538	0.0	+12.5	5	1119769
2239.538	0.0	+12.5	5	1119769
2241.686	0.0	-12.5	6	1120843
2241.686	0.0	-12.5	6	1120843
2243.82	0.0	+12.5	5	1121910
2243.82	0.0	+12.5	5	1121910
2245.944	0.0	-37.5	7	1122972
2245.944	0.0	-37.5	7	1122972
2248.062	0.0	-12.5	6	1124031
2248.062	0.0	-12.5	6	1124031
2256.804	0.0	+37.5	4	1128402
2256.804	0.0	+37.5	4	1128402
2258.936	0.0	+12.5	5	1129468
2258.936	0.0	+12.5	5	1129468
2261.086	0.0	-37.5	7	1130543
2261.086	0.0	-37.5	7	1130543
2263.216	0.0	+37.5	4	1131608
2263.216	0.0	+37.5	4	1131608
2265.344	0.0	-12.5	6	1132672
2265.344	0.0	-12.5	6	1132672
2267.476	0.0	+12.5	5	1133738
2267.476	0.0	+12.5	5	1133738
2269.614	0.0	-12.5	6	1134807
2269.614	0.0	-12.5	6	1134807
2271.752	0.0	+37.5	4	1135876
2271.752	0.0	+37.5	4	1135876
2273.888	0.0	-37.5	7	1136944
2273.888	0.0	-37.5	7	1136944
2276.016	0.0	+37.5	4	1138008
2276.016	0.0	+37.5	4	1138008
2278.144	0.0	+12.5	5	1139072
2278.144	0.0	+12.5	5	1139072
2280.28	0.0	-37.5	7	1140140
2280.28	0.0	-37.5	7	1140140
2282.414	0.0	-12.5	6	1141207
2282.414	0.0	-12.5	6	1141207
2284.552	0.0	-37.5	7	1142276
2284.552	0.0	-37.5	7	1142276
2286.664	0.0	+12.5	5	1143332
2286.664	0.0	+12.5	5	1143332
2288.818	0.0	-12.5	6	1144409
2288.818	0.0	-12.5	6	1144409
2290.96	0.0	+37.5	4	1145480
2290.96	0.0	+37.5	4	1145480
2293.072	0.0	-37.5	7	1146536
2293.072	0.0	-37.5	7	1146536
2295.222	0.0	+37.5	4	1147611
2295.222	0.0	+37.5	4	1147611
2297.356	0.0	+12.5	5	1148678
2297.356	0.0	+12.5	5	1148678
2299.49	0.0	-12.5	6	1149745
2299.49	0.0	-12.5	6	1149745
2301.63	0.0	+37.5	4	1150815
2301.63	0.0	+37.5	4	1150815
2303.764	0.0	+12.5	5	1151882
2303.764	0.0	+12.5	5	1151882
2305.882	0.0	-37.5	7	1152941
2305.882	0.0	-37.5	7	1152941
2308.024	0.0	-12.5	6	1154012
2308.024	0.0	-12.5	6	1154012
2310.152	0.0	+37.5	4	1155076
2310.152	0.0	+37.5	4	1155076
2312.294	0.0	-12.5	6	1156147
2312.294	0.0	-12.5	6	1156147
2314.426	0.0	+12.5	5	1157213
2314.426	0.0	+12.5	5	1157213
2322.284	0.0	-37.5	7	1161142
2322.284	0.0	-37.5	7	1161142
2329.332	0.0	-37.5	7	1164666
2329.332	0.0	-37.5	7	1164666
2331.466	0.0	-12.5	6	1165733
2331.466	0.0	-12.5	6	1165733
2333.594	0.0	+12.5	5	1166797
2333.594	0.0	+12.5	5	1166797
2335.708	0.0	+37.5	4	1167854
2335.708	0.0	+37.5	4	1167854
2337.824	0.0	+12.5	5	1168912
2337.824	0.0	+12.5	5	1168912
2339.962	0.0	-37.5	7	1169981
2339.962	0.0	-37.5	7	1169981
2342.09	0.0	-12.5	6	1171045
2342.09	0.0	-12.5	6	1171045
2344.23	0.0	+37.5	4	1172115
2344.23	0.0	+37.5	4	1172115
2346.362	0.0	-37.5	7	1173181
2346.362	0.0	-37.5	7	1173181
2348.488	0.0	-12.5	6	1174244
2348.488	0.0	-12.5	6	1174244
2350.628	0.0	+12.5	5	1175314
2350.628	0.0	+12.5	5	1175314
2352.754	0.0	+37.5	4	1176377
2352.754	0.0	+37.5	4	1176377
2354.876	0.0	+12.5	5	1177438
2354.876	0.0	+12.5	5	1177438
2357.006	0.0	-12.5	6	1178503
2357.006	0.0	-12.5	6	1178503
2359.122	0.0	-37.5	7	1179561
2359.122	0.0	-37.5	7	1179561
2367.56	0.0	+37.5	4	1183780
2367.56	0.0	+37.5	4	1183780
2369.694	0.0	-37.5	7	1184847
2369.694	0.0	-37.5	7	1184847
2371.826	0.0	+12.5	5	1185913
2371.826	0.0	+12.5	5	1185913
2373.946	0.0	-12.5	6	1186973
2373.946	0.0	-12.5	6	1186973
2376.054	0.0	+37.5	4	1188027
2376.054	0.0	+37.5	4	1188027
2378.194	0.0	-12.5	6	1189097
2378.194	0.0	-12.5	6	1189097
2380.314	0.0	+12.5	5	1190157
2380.314	0.0	+12.5	5	1190157
2382.448	0.0	-37.5	7	1191224
2382.448	0.0	-37.5	7	1191224
2384.584	0.0	+37.5	4	1192292
2384.584	0.0	+37.5	4	1192292
2386.712	0.0	-12.5	6	1193356
2386.712	0.0	-12.5	6	1193356
2388.84	0.0	+37.5	4	1194420
2388.84	0.0	+37.5	4	1194420
2390.974	0.0	+12.5	5	1195487
2390.974	0.0	+12.5	5	1195487
2399.932	0.0	-37.5	7	1199966
2399.932	0.0	-37.5	7	1199966
2402.074	0.0	+12.5	5	1201037
2402.074	0.0	+12.5	5	1201037
2404.2	0.0	+37.5	4	1202100
2404.2	0.0	+37.5	4	1202100
2406.326	0.0	-37.5	7	1203163
2406.326	0.0	-37.5	7	1203163
2408.454	0.0	-12.5	6	1204227
2408.454	0.0	-12.5	6	1204227
2410.582	0.0	-37.5	7	1205291
2410.582	0.0	-37.5	7	1205291
2412.724	0.0	+12.5	5	1206362
2412.724	0.0	+12.5	5	1206362
2414.838	0.0	+37.5	4	1207419
2414.838	0.0	+37.5	4	1207419
2416.984	0.0	-12.5	6	1208492
2416.984	0.0	-12.5	6	1208492
2419.12	0.0	+37.5	4	1209560
2419.12	0.0	+37.5	4	1209560
2421.23	0.0	-12.5	6	1210615
2421.23	0.0	-12.5	6	1210615
2423.358	0.0	+12.5	5	1211679
2423.358	0.0	+12.5	5	1211679
2425.482	0.0	-37.5	7	1212741
2425.482	0.0	-37.5	7	1212741
2427.62	0.0	-12.5	6	1213810
2427.62	0.0	-12.5	6	1213810
2429.738	0.0	+12.5	5	1214869
2429.738	0.0	+12.5	5	1214869
2431.85	0.0	-37.5	7	1215925
2431.85	0.0	-37.5	7	1215925
2433.984	0.0	+37.5	4	1216992
2433.984	0.0	+37.5	4	1216992
2436.11	0.0	+12.5	5	1218055
2436.11	0.0	+12.5	5	1218055
2438.24	0.0	-37.5	7	1219120
2438.24	0.0	-37.5	7	1219120
2440.374	0.0	+37.5	4	1220187
2440.374	0.0	+37.5	4	1220187
2442.514	0.0	-12.5	6	1221257
2442.514	0.0	-12.5	6	1221257
2452.052	0.0	+12.5	5	1226026
2452.052	0.0	+12.5	5	1226026
2454.182	0.0	-37.5	7	1227091
2454.182	0.0	-37.5	7	1227091
2456.33	0.0	-12.5	6	1228165
2456.33	0.0	-12.5	6	1228165
2458.47	0.0	+37.5	4	1229235
2458.47	0.0	+37.5	4	1229235
2460.608	0.0	-12.5	6	1230304
2460.608	0.0	-12.5	6	1230304
2462.752	0.0	-37.5	7	1231376
2462.752	0.0	-37.5	7	1231376
2464.876	0.0	+37.5	4	1232438
2464.876	0.0	+37.5	4	1232438
2467.002	0.0	+12.5	5	1233501
2467.002	0.0	+12.5	5	1233501
2469.122	0.0	-37.5	7	1234561
2469.122	0.0	-37.5	7	1234561
2471.254	0.0	+12.5	5	1235627
2471.254	0.0	+12.5	5	1235627
2473.388	0.0	+37.5	4	1236694
2473.388	0.0	+37.5	4	1236694
2475.518	0.0	-12.5	6	1237759
2475.518	0.0	-12.5	6	1237759
2477.654	0.0	-37.5	7	1238827
2477.654	0.0	-37.5	7	1238827
2479.78	0.0	+37.5	4	1239890
2479.78	0.0	+37.5	4	1239890
2481.902	0.0	-12.5	6	1240951
2481.902	0.0	-12.5	6	1240951
2484.028	0.0	+12.5	5	1242014
2484.028	0.0	+12.5	5	1242014
2486.162	0.0	+37.5	4	1243081
2486.162	0.0	+37.5	4	1243081
2494.27	0.0	-37.5	7	1247135
2494.27	0.0	-37.5	7	1247135
2496.402	0.0	-12.5	6	1248201
2496.402	0.0	-12.5	6	1248201
2498.544	0.0	+12.5	5	1249272
2498.544	0.0	+12.5	5	1249272
2500.68	0.0	-12.5	6	1250340
2500.68	0.0	-12.5	6	1250340
2502.808	0.0	+12.5	5	1251404
2502.808	0.0	+12.5	5	1251404
2504.952	0.0	+37.5	4	1252476
2504.952	0.0	+37.5	4	1252476
2507.082	0.0	-37.5	7	1253541
2507.082	0.0	-37.5	7	1253541
2509.194	0.0	+37.5	4	1254597
2509.194	0.0	+37.5	4	1254597
2511.314	0.0	-37.5	7	1255657
2511.314	0.0	-37.5	7	1255657
2513.442	0.0	+12.5	5	1256721
2513.442	0.0	+12.5	5	1256721
2515.57	0.0	-12.5	6	1257785
2515.57	0.0	-12.5	6	1257785
2517.704	0.0	+12.5	5	1258852
2517.704	0.0	+12.5	5	1258852
2519.85	0.0	-12.5	6	1259925
2519.85	0.0	-12.5	6	1259925
2521.992	0.0	+37.5	4	1260996
2521.992	0.0	+37.5	4	1260996
2524.112	0.0	-37.5	7	1262056
2524.112	0.0	-37.5	7	1262056
2526.246	0.0	+37.5	4	1263123
2526.246	0.0	+37.5	4	1263123
2528.384	0.0	-12.5	6	1264192
2528.384	0.0	-12.5	6	1264192
2530.494	0.0	+12.5	5	1265247
2530.494	0.0	+12.5	5	1265247
2532.636	0.0	-37.5	7	1266318
2532.636	0.0	-37.5	7	1266318
2534.77	0.0	+37.5	4	1267385
2534.77	0.0	+37.5	4	1267385
2536.878	0.0	-12.5	6	1268439
2536.878	0.0	-12.5	6	1268439
2546.47	0.0	+12.5	5	1273235
2546.47	0.0	+12.5	5	1273235
2548.586	0.0	-37.5	7	1274293
2548.586	0.0	-37.5	7	1274293
2550.724	0.0	-12.5	6	1275362
2550.724	0.0	-12.5	6	1275362
2552.862	0.0	-37.5	7	1276431
2552.862	0.0	-37.5	7	1276431
2554.998	0.0	+37.5	4	1277499
2554.998	0.0	+37.5	4	1277499
2557.116	0.0	+12.5	5	1278558
2557.116	0.0	+12.5	5	1278558
2559.246	0.0	-12.5	6	1279623
2559.246	0.0	-12.5	6	1279623
2561.378	0.0	-37.5	7	1280689
2561.378	0.0	-37.5	7	1280689
2563.516	0.0	+12.5	5	1281758
2563.516	0.0	+12.5	5	1281758
2565.646	0.0	+37.5	4	1282823
2565.646	0.0	+37.5	4	1282823
2567.776	0.0	-12.5	6	1283888
2567.776	0.0	-12.5	6	1283888
2569.9	0.0	+37.5	4	1284950
2569.9	0.0	+37.5	4	1284950
2572.018	0.0	-37.5	7	1286009
2572.018	0.0	-37.5	7	1286009
2574.15	0.0	+12.5	5	1287075
2574.15	0.0	+12.5	5	1287075
2576.286	0.0	+37.5	4	1288143
2576.286	0.0	+37.5	4	1288143
2578.428	0.0	-37.5	7	1289214
2578.428	0.0	-37.5	7	1289214
2580.558	0.0	-12.5	6	1290279
2580.558	0.0	-12.5	6	1290279
2588.776	0.0	+12.5	5	1294388
2588.776	0.0	+12.5	5	1294388
2590.916	0.0	-37.5	7	1295458
2590.916	0.0	-37.5	7	1295458
2593.036	0.0	-12.5	6	1296518
2593.036	0.0	-12.5	6	1296518
2595.148	0.0	+37.5	4	1297574
2595.148	0.0	+37.5	4	1297574
2597.29	0.0	+12.5	5	1298645
2597.29	0.0	+12.5	5	1298645
2599.418	0.0	+37.5	4	1299709
2599.418	0.0	+37.5	4	1299709
2601.542	0.0	-12.5	6	1300771
2601.542	0.0	-12.5	6	1300771
2603.672	0.0	-37.5	7	1301836
2603.672	0.0	-37.5	7	1301836
2605.812	0.0	+12.5	5	1302906
2605.812	0.0	+12.5	5	1302906
2607.944	0.0	+37.5	4	1303972
2607.944	0.0	+37.5	4	1303972
2610.082	0.0	-37.5	7	1305041
2610.082	0.0	-37.5	7	1305041
2612.22	0.0	-12.5	6	1306110
2612.22	0.0	-12.5	6	1306110
2614.364	0.0	+12.5	5	1307182
2614.364	0.0	+12.5	5	1307182
2616.488	0.0	+37.5	4	1308244
2616.488	0.0	+37.5	4	1308244
2618.624	0.0	+12.5	5	1309312
2618.624	0.0	+12.5	5	1309312
2620.766	0.0	-37.5	7	1310383
2620.766	0.0	-37.5	7	1310383
2622.884	0.0	-12.5	6	1311442
2622.884	0.0	-12.5	6	1311442
2624.998	0.0	-37.5	7	1312499
2624.998	0.0	-37.5	7	1312499
2627.136	0.0	-12.5	6	1313568
2627.136	0.0	-12.5	6	1313568
2629.262	0.0	+37.5	4	1314631
2629.262	0.0	+37.5	4	1314631
2631.384	0.0	+12.5	5	1315692
2631.384	0.0	+12.5	5	1315692
2633.516	0.0	-37.5	7	1316758
2633.516	0.0	-37.5	7	1316758
2635.652	0.0	-12.5	6	1317826
2635.652	0.0	-12.5	6	1317826
2637.794	0.0	+37.5	4	1318897
2637.794	0.0	+37.5	4	1318897
2639.924	0.0	+12.5	5	1319962
2639.924	0.0	+12.5	5	1319962
2642.048	0.0	+37.5	4	1321024
2642.048	0.0	+37.5	4	1321024
2644.176	0.0	+12.5	5	1322088
2644.176	0.0	+12.5	5	1322088
2646.314	0.0	-12.5	6	1323157
2646.314	0.0	-12.5	6	1323157
2648.452	0.0	-37.5	7	1324226
2648.452	0.0	-37.5	7	1324226
2650.57	0.0	-12.5	6	1325285
2650.57	0.0	-12.5	6	1325285
2652.686	0.0	+12.5	5	1326343
2652.686	0.0	+12.5	5	1326343
2654.812	0.0	-37.5	7	1327406
2654.812	0.0	-37.5	7	1327406
2656.944	0.0	+37.5	4	1328472
2656.944	0.0	+37.5	4	1328472
2659.056	0.0	-12.5	6	1329528
2659.056	0.0	-12.5	6	1329528
2661.178	0.0	-37.5	7	1330589
2661.178	0.0	-37.5	7	1330589
2663.308	0.0	+37.5	4	1331654
2663.308	0.0	+37.5	4	1331654
2665.452	0.0	+12.5	5	1332726
2665.452	0.0	+12.5	5	1332726
2667.572	0.0	-37.5	7	1333786
2667.572	0.0	-37.5	7	1333786
2669.702	0.0	-12.5	6	1334851
2669.702	0.0	-12.5	6	1334851
2671.854	0.0	+12.5	5	1335927
2671.854	0.0	+12.5	5	1335927
2673.984	0.0	+37.5	4	1336992
2673.984	0.0	+37.5	4	1336992
2676.11	0.0	-37.5	7	1338055
2676.11	0.0	-37.5	7	1338055
2678.254	0.0	-12.5	6	1339127
2678.254	0.0	-12.5	6	1339127
2680.39	0.0	+37.5	4	1340195
2680.39	0.0	+37.5	4	1340195
2682.518	0.0	+12.5	5	1341259
2682.518	0.0	+12.5	5	1341259
2684.666	0.0	+37.5	4	1342333
2684.666	0.0	+37.5	4	1342333
2686.78	0.0	-12.5	6	1343390
2686.78	0.0	-12.5	6	1343390
2688.906	0.0	-37.5	7	1344453
2688.906	0.0	-37.5	7	1344453
2691.05	0.0	+12.5	5	1345525
2691.05	0.0	+12.5	5	1345525
2693.172	0.0	-12.5	6	1346586
2693.172	0.0	-12.5	6	1346586
2701.654	0.0	+37.5	4	1350827
2701.654	0.0	+37.5	4	1350827
2703.774	0.0	+12.5	5	1351887
2703.774	0.0	+12.5	5	1351887
2705.918	0.0	-37.5	7	1352959
2705.918	0.0	-37.5	7	1352959
2708.034	0.0	+12.5	5	1354017
2708.034	0.0	+12.5	5	1354017
2710.168	0.0	-12.5	6	1355084
2710.168	0.0	-12.5	6	1355084
2712.306	0.0	+37.5	4	1356153
2712.306	0.0	+37.5	4	1356153
2714.426	0.0	-37.5	7	1357213
2714.426	0.0	-37.5	7	1357213
2716.56	0.0	+12.5	5	1358280
2716.56	0.0	+12.5	5	1358280
2718.686	0.0	-12.5	6	1359343
2718.686	0.0	-12.5	6	1359343
2720.812	0.0	-37.5	7	1360406
2720.812	0.0	-37.5	7	1360406
2722.96	0.0	+37.5	4	1361480
2722.96	0.0	+37.5	4	1361480
2725.086	0.0	-12.5	6	1362543
2725.086	0.0	-12.5	6	1362543
2727.196	0.0	+12.5	5	1363598
2727.196	0.0	+12.5	5	1363598
2729.338	0.0	-37.5	7	1364669
2729.338	0.0	-37.5	7	1364669
2731.468	0.0	+37.5	4	1365734
2731.468	0.0	+37.5	4	1365734
2733.59	0.0	+12.5	5	1366795
2733.59	0.0	+12.5	5	1366795
2735.718	0.0	+37.5	4	1367859
2735.718	0.0	+37.5	4	1367859
2737.846	0.0	-37.5	7	1368923
2737.846	0.0	-37.5	7	1368923
2739.97	0.0	-12.5	6	1369985
2739.97	0.0	-12.5	6	1369985
2742.108	0.0	-37.5	7	1371054
2742.108	0.0	-37.5	7	1371054
2744.26	0.0	-12.5	6	1372130
2744.26	0.0	-12.5	6	1372130
2746.388	0.0	+37.5	4	1373194
2746.388	0.0	+37.5	4	1373194
2748.526	0.0	+12.5	5	1374263
2748.526	0.0	+12.5	5	1374263
2750.66	0.0	-12.5	6	1375330
2750.66	0.0	-12.5	6	1375330
2752.788	0.0	+12.5	5	1376394
2752.788	0.0	+12.5	5	1376394
2754.928	0.0	-37.5	7	1377464
2754.928	0.0	-37.5	7	1377464
2757.066	0.0	+37.5	4	1378533
2757.066	0.0	+37.5	4	1378533
2759.19	0.0	-37.5	7	1379595
2759.19	0.0	-37.5	7	1379595
2761.32	0.0	+12.5	5	1380660
2761.32	0.0	+12.5	5	1380660
2763.452	0.0	+37.5	4	1381726
2763.452	0.0	+37.5	4	1381726
2765.586	0.0	-12.5	6	1382793
2765.586	0.0	-12.5	6	1382793
2767.708	0.0	+37.5	4	1383854
2767.708	0.0	+37.5	4	1383854
2769.83	0.0	-12.5	6	1384915
2769.83	0.0	-12.5	6	1384915
2771.956	0.0	-37.5	7	1385978
2771.956	0.0	-37.5	7	1385978
2774.094	0.0	+12.5	5	1387047
2774.094	0.0	+12.5	5	1387047
2776.22	0.0	+37.5	4	1388110
2776.22	0.0	+37.5	4	1388110
2787.254	0.0	-12.5	6	1393627
2787.254	0.0	-12.5	6	1393627
2789.338	0.0	-37.5	7	1394669
2789.338	0.0	-37.5	7	1394669
2791.426	0.0	+12.5	5	1395713
2791.426	0.0	+12.5	5	1395713
2793.51	0.0	-12.5	6	1396755
2793.51	0.0	-12.5	6	1396755
2795.628	0.0	+12.5	5	1397814
2795.628	0.0	+12.5	5	1397814
2797.756	0.0	+37.5	4	1398878
2797.756	0.0	+37.5	4	1398878
2799.88	0.0	-37.5	7	1399940
2799.88	0.0	-37.5	7	1399940
2807.946	0.0	+37.5	4	1403973
2807.946	0.0	+37.5	4	1403973
2810.07	0.0	-37.5	7	1405035
2810.07	0.0	-37.5	7	1405035
2812.21	0.0	-12.5	6	1406105
2812.21	0.0	-12.5	6	1406105
2814.342	0.0	+12.5	5	1407171
2814.342	0.0	+12.5	5	1407171
2816.486	0.0	-12.5	6	1408243
2816.486	0.0	-12.5	6	1408243
2824.306	0.0	+12.5	5	1412153
2824.306	0.0	+12.5	5	1412153
2826.422	0.0	+37.5	4	1413211
2826.422	0.0	+37.5	4	1413211
2828.534	0.0	-37.5	7	1414267
2828.534	0.0	-37.5	7	1414267
2830.63	0.0	+12.5	5	1415315
2830.63	0.0	+12.5	5	1415315
2832.784	0.0	+37.5	4	1416392
2832.784	0.0	+37.5	4	1416392
2834.882	0.0	-12.5	6	1417441
2834.882	0.0	-12.5	6	1417441
2837.002	0.0	-37.5	7	1418501
2837.002	0.0	-37.5	7	1418501
2839.116	0.0	+12.5	5	1419558
2839.116	0.0	+12.5	5	1419558
2841.234	0.0	+37.5	4	1420617
2841.234	0.0	+37.5	4	1420617
2843.362	0.0	-37.5	7	1421681
2843.362	0.0	-37.5	7	1421681
2845.494	0.0	-12.5	6	1422747
2845.494	0.0	-12.5	6	1422747
2847.632	0.0	-37.5	7	1423816
2847.632	0.0	-37.5	7	1423816
2855.598	0.0	-12.5	6	1427799
2855.598	0.0	-12.5	6	1427799
2857.71	0.0	+37.5	4	1428855
2857.71	0.0	+37.5	4	1428855
2859.836	0.0	+12.5	5	1429918
2859.836	0.0	+12.5	5	1429918
2861.954	0.0	-37.5	7	1430977
2861.954	0.0	-37.5	7	1430977
2864.098	0.0	-12.5	6	1432049
2864.098	0.0	-12.5	6	1432049
2866.236	0.0	+37.5	4	1433118
2866.236	0.0	+37.5	4	1433118
2868.37	0.0	+12.5	5	1434185
2868.37	0.0	+12.5	5	1434185
2870.504	0.0	-37.5	7	1435252
2870.504	0.0	-37.5	7	1435252
2880.16	0.0	+37.5	4	1440080
2880.16	0.0	+37.5	4	1440080
2882.286	0.0	+12.5	5	1441143
2882.286	0.0	+12.5	5	1441143
2884.434	0.0	-12.5	6	1442217
2884.434	0.0	-12.5	6	1442217
2886.57	0.0	-37.5	7	1443285
2886.57	0.0	-37.5	7	1443285
2888.69	0.0	+37.5	4	1444345
2888.69	0.0	+37.5	4	1444345
2890.804	0.0	-12.5	6	1445402
2890.804	0.0	-12.5	6	1445402
2892.936	0.0	+12.5	5	1446468
2892.936	0.0	+12.5	5	1446468
2899.098	0.0	-37.5	7	1449549
2899.098	0.0	-37.5	7	1449549
2901.222	0.0	+12.5	5	1450611
2901.222	0.0	+12.5	5	1450611
2903.356	0.0	+37.5	4	1451678
2903.356	0.0	+37.5	4	1451678
2905.482	0.0	-12.5	6	1452741
2905.482	0.0	-12.5	6	1452741
2907.624	0.0	-37.5	7	1453812
2907.624	0.0	-37.5	7	1453812
2909.75	0.0	+12.5	5	1454875
2909.75	0.0	+12.5	5	1454875
2911.89	0.0	-12.5	6	1455945
2911.89	0.0	-12.5	6	1455945
2914.028	0.0	+37.5	4	1457014
2914.028	0.0	+37.5	4	1457014
2916.156	0.0	-12.5	6	1458078
2916.156	0.0	-12.5	6	1458078
2918.286	0.0	-37.5	7	1459143
2918.286	0.0	-37.5	7	1459143
2920.408	0.0	+12.5	5	1460204
2920.408	0.0	+12.5	5	1460204
2922.528	0.0	+37.5	4	1461264
2922.528	0.0	+37.5	4	1461264
2924.676	0.0	-12.5	6	1462338
2924.676	0.0	-12.5	6	1462338
2926.808	0.0	-37.5	7	1463404
2926.808	0.0	-37.5	7	1463404
2928.952	0.0	+12.5	5	1464476
2928.952	0.0	+12.5	5	1464476
2931.092	0.0	+37.5	4	1465546
2931.092	0.0	+37.5	4	1465546
2933.24	0.0	-12.5	6	1466620
2933.24	0.0	-12.5	6	1466620
2935.382	0.0	+12.5	5	1467691
2935.382	0.0	+12.5	5	1467691
2937.52	0.0	-37.5	7	1468760
2937.52	0.0	-37.5	7	1468760
2939.662	0.0	+37.5	4	1469831
2939.662	0.0	+37.5	4	1469831
2941.798	0.0	-37.5	7	1470899
2941.798	0.0	-37.5	7	1470899
2943.922	0.0	-12.5	6	1471961
2943.922	0.0	-12.5	6	1471961
2946.064	0.0	+12.5	5	1473032
2946.064	0.0	+12.5	5	1473032
2948.206	0.0	+37.5	4	1474103
2948.206	0.0	+37.5	4	1474103
2950.336	0.0	+12.5	5	1475168
2950.336	0.0	+12.5	5	1475168
2952.466	0.0	+37.5	4	1476233
2952.466	0.0	+37.5	4	1476233
2954.592	0.0	-37.5	7	1477296
2954.592	0.0	-37.5	7	1477296
2956.738	0.0	-12.5	6	1478369
2956.738	0.0	-12.5	6	1478369
2958.862	0.0	+12.5	5	1479431
2958.862	0.0	+12.5	5	1479431
2967.86	0.0	+37.5	4	1483930
2967.86	0.0	+37.5	4	1483930
2969.992	0.0	-37.5	7	1484996
2969.992	0.0	-37.5	7	1484996
2972.11	0.0	-12.5	6	1486055
2972.11	0.0	-12.5	6	1486055
2974.242	0.0	-37.5	7	1487121
2974.242	0.0	-37.5	7	1487121
2976.368	0.0	+12.5	5	1488184
2976.368	0.0	+12.5	5	1488184
2978.51	0.0	+37.5	4	1489255
2978.51	0.0	+37.5	4	1489255
2980.642	0.0	-12.5	6	1490321
2980.642	0.0	-12.5	6	1490321
2982.772	0.0	+12.5	5	1491386
2982.772	0.0	+12.5	5	1491386
2984.894	0.0	-12.5	6	1492447
2984.894	0.0	-12.5	6	1492447
2987.03	0.0	-37.5	7	1493515
2987.03	0.0	-37.5	7	1493515
2989.158	0.0	+37.5	4	1494579
2989.158	0.0	+37.5	4	1494579
2991.264	0.0	-37.5	7	1495632
2991.264	0.0	-37.5	7	1495632
2993.388	0.0	+12.5	5	1496694
2993.388	0.0	+12.5	5	1496694
2995.53	0.0	-12.5	6	1497765
2995.53	0.0	-12.5	6	1497765
2997.656	0.0	+37.5	4	1498828
2997.656	0.0	+37.5	4	1498828
2999.784	0.0	-37.5	7	1499892
2999.784	0.0	-37.5	7	1499892
3001.92	0.0	+37.5	4	1500960
3001.92	0.0	+37.5	4	1500960
3004.054	0.0	+12.5	5	1502027
3004.054	0.0	+12.5	5	1502027
3006.168	0.0	-12.5	6	1503084
3006.168	0.0	-12.5	6	1503084
3008.296	0.0	-37.5	7	1504148
3008.296	0.0	-37.5	7	1504148
3010.438	0.0	-12.5	6	1505219
3010.438	0.0	-12.5	6	1505219
3012.564	0.0	+12.5	5	1506282
3012.564	0.0	+12.5	5	1506282
3014.686	0.0	+37.5	4	1507343
3014.686	0.0	+37.5	4	1507343
3023.402	0.0	-12.5	6	1511701
3023.402	0.0	-12.5	6	1511701
3025.53	0.0	+12.5	5	1512765
3025.53	0.0	+12.5	5	1512765
3027.66	0.0	-37.5	7	1513830
3027.66	0.0	-37.5	7	1513830
3029.798	0.0	+37.5	4	1514899
3029.798	0.0	+37.5	4	1514899
3031.932	0.0	-37.5	7	1515966
3031.932	0.0	-37.5	7	1515966
3034.058	0.0	+12.5	5	1517029
3034.058	0.0	+12.5	5	1517029
3036.202	0.0	-12.5	6	1518101
3036.202	0.0	-12.5	6	1518101
3038.342	0.0	+37.5	4	1519171
3038.342	0.0	+37.5	4	1519171
3040.484	0.0	-12.5	6	1520242
3040.484	0.0	-12.5	6	1520242
3042.622	0.0	-37.5	7	1521311
3042.622	0.0	-37.5	7	1521311
3044.734	0.0	+37.5	4	1522367
3044.734	0.0	+37.5	4	1522367
3046.852	0.0	+12.5	5	1523426
3046.852	0.0	+12.5	5	1523426
3048.974	0.0	-12.5	6	1524487
3048.974	0.0	-12.5	6	1524487
3051.102	0.0	+12.5	5	1525551
3051.102	0.0	+12.5	5	1525551
3053.248	0.0	-37.5	7	1526624
3053.248	0.0	-37.5	7	1526624
3055.386	0.0	+37.5	4	1527693
3055.386	0.0	+37.5	4	1527693
3061.598	0.0	+12.5	5	1530799
3061.598	0.0	+12.5	5	1530799
3063.738	0.0	-37.5	7	1531869
3063.738	0.0	-37.5	7	1531869
3065.87	0.0	+37.5	4	1532935
3065.87	0.0	+37.5	4	1532935
3068.002	0.0	-12.5	6	1534001
3068.002	0.0	-12.5	6	1534001
3070.138	0.0	+37.5	4	1535069
3070.138	0.0	+37.5	4	1535069
3072.266	0.0	+12.5	5	1536133
3072.266	0.0	+12.5	5	1536133
3074.386	0.0	-12.5	6	1537193
3074.386	0.0	-12.5	6	1537193
3076.538	0.0	-37.5	7	1538269
3076.538	0.0	-37.5	7	1538269
3078.67	0.0	+37.5	4	1539335
3078.67	0.0	+37.5	4	1539335
3080.808	0.0	-37.5	7	1540404
3080.808	0.0	-37.5	7	1540404
3082.932	0.0	-12.5	6	1541466
3082.932	0.0	-12.5	6	1541466
3085.076	0.0	+12.5	5	1542538
3085.076	0.0	+12.5	5	1542538
3093.832	0.0	+37.5	4	1546916
3093.832	0.0	+37.5	4	1546916
3095.942	0.0	+12.5	5	1547971
3095.942	0.0	+12.5	5	1547971
3098.07	0.0	-37.5	7	1549035
3098.07	0.0	-37.5	7	1549035
3100.2	0.0	-12.5	6	1550100
3100.2	0.0	-12.5	6	1550100
3102.33	0.0	+37.5	4	1551165
3102.33	0.0	+37.5	4	1551165
3104.476	0.0	-12.5	6	1552238
3104.476	0.0	-12.5	6	1552238
3106.622	0.0	+12.5	5	1553311
3106.622	0.0	+12.5	5	1553311
3108.758	0.0	-37.5	7	1554379
3108.758	0.0	-37.5	7	1554379
3110.872	0.0	+37.5	4	1555436
3110.872	0.0	+37.5	4	1555436
3113.024	0.0	+12.5	5	1556512
3113.024	0.0	+12.5	5	1556512
3115.162	0.0	-12.5	6	1557581
3115.162	0.0	-12.5	6	1557581
3117.31	0.0	-37.5	7	1558655
3117.31	0.0	-37.5	7	1558655
3119.442	0.0	+37.5	4	1559721
3119.442	0.0	+37.5	4	1559721
3121.554	0.0	-37.5	7	1560777
3121.554	0.0	-37.5	7	1560777
3123.688	0.0	-12.5	6	1561844
3123.688	0.0	-12.5	6	1561844
3125.818	0.0	+12.5	5	1562909
3125.818	0.0	+12.5	5	1562909
3127.942	0.0	-12.5	6	1563971
3127.942	0.0	-12.5	6	1563971
3130.074	0.0	+37.5	4	1565037
3130.074	0.0	+37.5	4	1565037
3132.212	0.0	+12.5	5	1566106
3132.212	0.0	+12.5	5	1566106
3134.35	0.0	-37.5	7	1567175
3134.35	0.0	-37.5	7	1567175
3136.488	0.0	+12.5	5	1568244
3136.488	0.0	+12.5	5	1568244
3138.62	0.0	-37.5	7	1569310
3138.62	0.0	-37.5	7	1569310
3140.762	0.0	+37.5	4	1570381
3140.762	0.0	+37.5	4	1570381
3142.896	0.0	-12.5	6	1571448
3142.896	0.0	-12.5	6	1571448
3145.024	0.0	+12.5	5	1572512
3145.024	0.0	+12.5	5	1572512
3147.168	0.0	-12.5	6	1573584
3147.168	0.0	-12.5	6	1573584
3149.306	0.0	+37.5	4	1574653
3149.306	0.0	+37.5	4	1574653
3151.438	0.0	-37.5	7	1575719
3151.438	0.0	-37.5	7	1575719
3153.566	0.0	+12.5	5	1576783
3153.566	0.0	+12.5	5	1576783
3155.694	0.0	-12.5	6	1577847
3155.694	0.0	-12.5	6	1577847
3163.734	0.0	+37.5	4	1581867
3163.734	0.0	+37.5	4	1581867
3165.882	0.0	-37.5	7	1582941
3165.882	0.0	-37.5	7	1582941
3168.014	0.0	+12.5	5	1584007
3168.014	0.0	+12.5	5	1584007
3170.156	0.0	+37.5	4	1585078
3170.156	0.0	+37.5	4	1585078
3172.288	0.0	-37.5	7	1586144
3172.288	0.0	-37.5	7	1586144
3174.426	0.0	-12.5	6	1587213
3174.426	0.0	-12.5	6	1587213
3182.506	0.0	+37.5	4	1591253
3182.506	0.0	+37.5	4	1591253
3184.632	0.0	-12.5	6	1592316
3184.632	0.0	-12.5	6	1592316
3186.75	0.0	-37.5	7	1593375
3186.75	0.0	-37.5	7	1593375
3188.874	0.0	+12.5	5	1594437
3188.874	0.0	+12.5	5	1594437
3191.0	0.0	-37.5	7	1595500
3191.0	0.0	-37.5	7	1595500
3202.77	0.0	+37.5	4	1601385
3202.77	0.0	+37.5	4	1601385
3204.896	0.0	+12.5	5	1602448
3204.896	0.0	+12.5	5	1602448
3207.044	0.0	-12.5	6	1603522
3207.044	0.0	-12.5	6	1603522
3209.178	0.0	+37.5	4	1604589
3209.178	0.0	+37.5	4	1604589
3211.332	0.0	+12.5	5	1605666
3211.332	0.0	+12.5	5	1605666
3213.476	0.0	-37.5	7	1606738
3213.476	0.0	-37.5	7	1606738
3215.598	0.0	-12.5	6	1607799
3215.598	0.0	-12.5	6	1607799
3217.728	0.0	-37.5	7	1608864
3217.728	0.0	-37.5	7	1608864
3219.862	0.0	+37.5	4	1609931
3219.862	0.0	+37.5	4	1609931
3222.008	0.0	-12.5	6	1611004
3222.008	0.0	-12.5	6	1611004
3224.136	0.0	+12.5	5	1612068
3224.136	0.0	+12.5	5	1612068
3226.262	0.0	-12.5	6	1613131
3226.262	0.0	-12.5	6	1613131
3228.396	0.0	-37.5	7	1614198
3228.396	0.0	-37.5	7	1614198
3230.528	0.0	+37.5	4	1615264
3230.528	0.0	+37.5	4	1615264
3232.666	0.0	+12.5	5	1616333
3232.666	0.0	+12.5	5	1616333
3234.79	0.0	-12.5	6	1617395
3234.79	0.0	-12.5	6	1617395
3236.918	0.0	+12.5	5	1618459
3236.918	0.0	+12.5	5	1618459
3239.062	0.0	-37.5	7	1619531
3239.062	0.0	-37.5	7	1619531
3241.216	0.0	+37.5	4	1620608
3241.216	0.0	+37.5	4	1620608
3243.356	0.0	+12.5	5	1621678
3243.356	0.0	+12.5	5	1621678
3251.732	0.0	+37.5	4	1625866
3251.732	0.0	+37.5	4	1625866
3253.866	0.0	-37.5	7	1626933
3253.866	0.0	-37.5	7	1626933
3256.006	0.0	-12.5	6	1628003
3256.006	0.0	-12.5	6	1628003
3258.118	0.0	+12.5	5	1629059
3258.118	0.0	+12.5	5	1629059
3260.248	0.0	-37.5	7	1630124
3260.248	0.0	-37.5	7	1630124
3262.378	0.0	+37.5	4	1631189
3262.378	0.0	+37.5	4	1631189
3264.514	0.0	-12.5	6	1632257
3264.514	0.0	-12.5	6	1632257
3266.644	0.0	+37.5	4	1633322
3266.644	0.0	+37.5	4	1633322
3268.772	0.0	-37.5	7	1634386
3268.772	0.0	-37.5	7	1634386
3270.876	0.0	-12.5	6	1635438
3270.876	0.0	-12.5	6	1635438
3273.018	0.0	+12.5	5	1636509
3273.018	0.0	+12.5	5	1636509
3275.14	0.0	-37.5	7	1637570
3275.14	0.0	-37.5	7	1637570
3282.67	0.0	+12.5	5	1641335
3282.67	0.0	+12.5	5	1641335
3284.794	0.0	-12.5	6	1642397
3284.794	0.0	-12.5	6	1642397
3286.934	0.0	+37.5	4	1643467
3286.934	0.0	+37.5	4	1643467
3289.068	0.0	-12.5	6	1644534
3289.068	0.0	-12.5	6	1644534
3291.22	0.0	+12.5	5	1645610
3291.22	0.0	+12.5	5	1645610
3293.354	0.0	+37.5	4	1646677
3293.354	0.0	+37.5	4	1646677
3295.48	0.0	-37.5	7	1647740
3295.48	0.0	-37.5	7	1647740
3297.596	0.0	+37.5	4	1648798
3297.596	0.0	+37.5	4	1648798
3299.732	0.0	-37.5	7	1649866
3299.732	0.0	-37.5	7	1649866
3301.852	0.0	+12.5	5	1650926
3301.852	0.0	+12.5	5	1650926
3303.988	0.0	-12.5	6	1651994
3303.988	0.0	-12.5	6	1651994
3312.97	0.0	+37.5	4	1656485
3312.97	0.0	+37.5	4	1656485
3315.102	0.0	+12.5	5	1657551
3315.102	0.0	+12.5	5	1657551
3317.232	0.0	-12.5	6	1658616
3317.232	0.0	-12.5	6	1658616
3319.354	0.0	-37.5	7	1659677
3319.354	0.0	-37.5	7	1659677
3321.48	0.0	+37.5	4	1660740
3321.48	0.0	+37.5	4	1660740
3323.618	0.0	-12.5	6	1661809
3323.618	0.0	-12.5	6	1661809
3325.738	0.0	+12.5	5	1662869
3325.738	0.0	+12.5	5	1662869
3327.87	0.0	-37.5	7	1663935
3327.87	0.0	-37.5	7	1663935
3330.008	0.0	+37.5	4	1665004
3330.008	0.0	+37.5	4	1665004
3332.144	0.0	-37.5	7	1666072
3332.144	0.0	-37.5	7	1666072
3334.272	0.0	-12.5	6	1667136
3334.272	0.0	-12.5	6	1667136
3336.396	0.0	+12.5	5	1668198
3336.396	0.0	+12.5	5	1668198
3338.476	0.0	+37.5	4	1669238
3338.476	0.0	+37.5	4	1669238
3340.55	0.0	+12.5	5	1670275
3340.55	0.0	+12.5	5	1670275
3342.634	0.0	-37.5	7	1671317
3342.634	0.0	-37.5	7	1671317
3344.71	0.0	-12.5	6	1672355
3344.71	0.0	-12.5	6	1672355
3346.836	0.0	-37.5	7	1673418
3346.836	0.0	-37.5	7	1673418
3348.95	0.0	+12.5	5	1674475
3348.95	0.0	+12.5	5	1674475
3351.088	0.0	+37.5	4	1675544
3351.088	0.0	+37.5	4	1675544
3353.22	0.0	-12.5	6	1676610
3353.22	0.0	-12.5	6	1676610
3355.346	0.0	-37.5	7	1677673
3355.346	0.0	-37.5	7	1677673
3357.488	0.0	+12.5	5	1678744
3357.488	0.0	+12.5	5	1678744
3359.616	0.0	-12.5	6	1679808
3359.616	0.0	-12.5	6	1679808
3361.736	0.0	+37.5	4	1680868
3361.736	0.0	+37.5	4	1680868
3363.868	0.0	-37.5	7	1681934
3363.868	0.0	-37.5	7	1681934
3366.004	0.0	-12.5	6	1683002
3366.004	0.0	-12.5	6	1683002
3368.142	0.0	+12.5	5	1684071
3368.142	0.0	+12.5	5	1684071
3370.252	0.0	+37.5	4	1685126
3370.252	0.0	+37.5	4	1685126
3372.378	0.0	-12.5	6	1686189
3372.378	0.0	-12.5	6	1686189
3374.518	0.0	+37.5	4	1687259
3374.518	0.0	+37.5	4	1687259
3376.652	0.0	+12.5	5	1688326
3376.652	0.0	+12.5	5	1688326
3378.786	0.0	-37.5	7	1689393
3378.786	0.0	-37.5	7	1689393
3380.91	0.0	+37.5	4	1690455
3380.91	0.0	+37.5	4	1690455
3383.028	0.0	-37.5	7	1691514
3383.028	0.0	-37.5	7	1691514
3385.152	0.0	-12.5	6	1692576
3385.152	0.0	-12.5	6	1692576
3387.296	0.0	+12.5	5	1693648
3387.296	0.0	+12.5	5	1693648
3389.418	0.0	+37.5	4	1694709
3389.418	0.0	+37.5	4	1694709
3391.56	0.0	-12.5	6	1695780
3391.56	0.0	-12.5	6	1695780
3393.72	0.0	+12.5	5	1696860
3393.72	0.0	+12.5	5	1696860
3395.842	0.0	-37.5	7	1697921
3395.842	0.0	-37.5	7	1697921
3397.97	0.0	+12.5	5	1698985
3397.97	0.0	+12.5	5	1698985
3400.098	0.0	-12.5	6	1700049
3400.098	0.0	-12.5	6	1700049
3402.218	0.0	+37.5	4	1701109
3402.218	0.0	+37.5	4	1701109
3410.03	0.0	-37.5	7	1705015
3410.03	0.0	-37.5	7	1705015
3412.16	0.0	-12.5	6	1706080
3412.16	0.0	-12.5	6	1706080
3414.282	0.0	-37.5	7	1707141
3414.282	0.0	-37.5	7	1707141
3416.414	0.0	+37.5	4	1708207
3416.414	0.0	+37.5	4	1708207
3418.532	0.0	+12.5	5	1709266
3418.532	0.0	+12.5	5	1709266
3420.662	0.0	-12.5	6	1710331
3420.662	0.0	-12.5	6	1710331
3422.8	0.0	-37.5	7	1711400
3422.8	0.0	-37.5	7	1711400
3424.928	0.0	+12.5	5	1712464
3424.928	0.0	+12.5	5	1712464
3426.996	0.0	+37.5	4	1713498
3426.996	0.0	+37.5	4	1713498
3429.122	0.0	-12.5	6	1714561
3429.122	0.0	-12.5	6	1714561
3431.244	0.0	-37.5	7	1715622
3431.244	0.0	-37.5	7	1715622
3433.376	0.0	+37.5	4	1716688
3433.376	0.0	+37.5	4	1716688
3435.52	0.0	+12.5	5	1717760
3435.52	0.0	+12.5	5	1717760
3444.33	0.0	-12.5	6	1722165
3444.33	0.0	-12.5	6	1722165
3446.466	0.0	-37.5	7	1723233
3446.466	0.0	-37.5	7	1723233
3448.592	0.0	+37.5	4	1724296
3448.592	0.0	+37.5	4	1724296
3450.73	0.0	+12.5	5	1725365
3450.73	0.0	+12.5	5	1725365
3452.852	0.0	-37.5	7	1726426
3452.852	0.0	-37.5	7	1726426
3454.972	0.0	+12.5	5	1727486
3454.972	0.0	+12.5	5	1727486
3457.108	0.0	+37.5	4	1728554
3457.108	0.0	+37.5	4	1728554
3459.246	0.0	-12.5	6	1729623
3459.246	0.0	-12.5	6	1729623
